Date,Open,High,Low,Close,Volume,Dividends,Stock Splits,Has outliers,SMA 20,SMA 50,EMA 20,RSI 14
2023-06-06 00:00:00-04:00,83.0222354183815,86.48581900073002,82.64473149217473,86.24044036865234,1317400,0.0,0.0,-1.0,82.26628684997559,83.53884857177735,82.46836547078036,53.33331474927159
2023-06-07 00:00:00-04:00,86.08001028546356,88.68477966008649,86.08001028546356,86.2781982421875,978600,0.0,0.0,-1.0,82.45928497314453,83.59679519653321,82.83120668710484,56.58693907591319
2023-06-08 00:00:00-04:00,86.52956967842415,87.620439398137,86.52956967842415,87.45917510986328,526100,0.465,0.0,-1.0,82.64479751586914,83.63419357299804,83.27196558451041,61.35746745031134
2023-06-09 00:00:00-04:00,88.54055698331446,88.80616577222729,87.37380627540601,87.55403900146484,998200,0.0,0.0,-1.0,82.85156898498535,83.71709075927734,83.67978210041083,60.90094358453906
2023-06-12 00:00:00-04:00,87.48764121797804,88.84411252977716,87.48764121797804,88.56902313232422,552100,0.0,0.0,-1.0,83.26056251525878,83.81632400512696,84.14542410345021,60.86175225093416
2023-06-13 00:00:00-04:00,90.85508531360112,91.97441116203697,89.82113551685116,90.51359558105469,924900,0.0,0.0,-1.0,83.54500160217285,83.95727981567383,84.75191662512682,77.86734572667339
2023-06-14 00:00:00-04:00,92.04083029834247,93.99490520394768,91.5191149940916,93.56804656982422,1707200,0.0,0.0,-1.0,83.99348831176758,84.13440948486328,85.59154804843133,81.64490808710579
2023-06-15 00:00:00-04:00,93.33088762980043,94.17512417356656,92.61945185221555,93.09374237060547,1787900,0.0,0.0,-1.0,84.48762588500976,84.29204940795898,86.30604274578126,78.07276935396669
2023-06-16 00:00:00-04:00,93.09374431235989,94.6494166661592,92.86608688517194,93.38780212402344,1372400,0.0,0.0,-1.0,85.04978828430175,84.48690307617187,86.98049601989956,74.17832387840733
2023-06-20 00:00:00-04:00,91.82265190392357,91.97442111420064,90.22903539196788,90.35234832763672,946600,0.0,0.0,-1.0,85.44177551269532,84.59971878051758,87.30162481111262,79.5717551475708
2023-06-21 00:00:00-04:00,90.00136566039664,91.20606762313732,90.00136566039664,90.09622955322266,670200,0.0,0.0,-1.0,85.76904983520508,84.72138000488282,87.56777764369453,78.2736189184633
2023-06-22 00:00:00-04:00,90.07725546312572,90.21954406776686,89.31839496687145,89.62194061279297,1004700,0.0,0.0,-1.0,86.2972240447998,84.83393264770508,87.7634122121801,75.27147155939136
2023-06-23 00:00:00-04:00,88.21805394941876,88.41725513827186,87.60147470557801,88.28445434570312,642500,0.0,0.0,-1.0,86.77173690795898,84.93785568237304,87.81303527251563,68.4896836787911
2023-06-26 00:00:00-04:00,88.01884856594198,89.4227446596503,87.51610169844777,87.74375915527344,640500,0.0,0.0,-1.0,87.11351356506347,84.9928369140625,87.80643754706401,66.25006575804827
2023-06-27 00:00:00-04:00,92.05978882271853,92.4487032689113,90.95943139037082,91.86058044433594,2784100,0.0,0.0,-1.0,87.48276176452637,85.12298217773437,88.19254639442325,65.73666403051274
2023-06-28 00:00:00-04:00,91.52858854731818,92.76174687532013,90.85509683304308,91.19658660888672,1514100,0.0,0.0,-1.0,88.03304328918458,85.1632144165039,88.4786454624674,63.305117243241085
2023-06-29 00:00:00-04:00,91.50012632809398,92.98939827268194,91.40526967143278,92.95145416259766,1409000,0.0,0.0,-1.0,88.66587677001954,85.27535079956054,88.90462724343219,64.41016496692734
2023-06-30 00:00:00-04:00,92.45819958405079,93.14117912371238,91.34836145065039,91.71830749511719,1425700,0.0,0.0,-1.0,89.20402145385742,85.3884944152832,89.17259679121172,60.3100228142398
2023-07-03 00:00:00-04:00,94.137190002965,95.4841807176074,93.7292998245993,94.2035903930664,765700,0.0,0.0,-1.0,89.8272647857666,85.54888977050781,89.65173903900741,63.00352214599475
2023-07-05 00:00:00-04:00,93.09374687041723,93.42574880191815,92.57202438013057,93.08425903320312,733800,0.0,0.0,-1.0,90.3888786315918,85.70803894042969,89.9786457051213,56.16752941521025
2023-07-06 00:00:00-04:00,92.04083672053463,92.04083672053463,90.40927582693978,90.85511016845703,874000,0.0,0.0,-1.0,90.61961212158204,85.82109497070313,90.06211851115327,43.222741733456424
2023-07-07 00:00:00-04:00,90.46618425028976,91.9270000472643,90.25749524542202,91.49064636230469,960100,0.0,0.0,-1.0,90.88023452758789,86.0550161743164,90.1981687826915,46.02726599985858
2023-07-10 00:00:00-04:00,91.31042115723562,92.79969323462709,91.14915686572216,92.3538589477539,763700,0.0,0.0,-1.0,91.12496871948242,86.28109756469726,90.40347260793554,47.508016324285
2023-07-11 00:00:00-04:00,92.35385938126673,94.92451337471114,92.35385938126673,93.57752990722656,850600,0.0,0.0,-1.0,91.4261432647705,86.48163330078125,90.70576377929659,58.51708429622854
2023-07-12 00:00:00-04:00,96.57503679442212,97.53310570521613,96.08177782043764,97.5141372680664,1547000,0.0,0.0,-1.0,91.87339897155762,86.74957611083984,91.35418030203658,66.40107500689928
2023-07-13 00:00:00-04:00,99.43027592295732,99.75279727747449,98.73780849864977,99.5535888671875,1490200,0.0,0.0,-1.0,92.32539863586426,87.0601953125,92.13507635586048,70.53754185174094
2023-07-14 00:00:00-04:00,100.54959758455128,100.6634299230217,99.41130314824522,99.92353057861328,1501000,0.0,0.0,-1.0,92.6431728363037,87.37783599853516,92.87683390088455,75.0715634506254
2023-07-17 00:00:00-04:00,99.04135604865294,100.8531421849681,98.36785709952329,100.75828552246094,958200,0.0,0.0,-1.0,93.02639999389649,87.7321794128418,93.62744834103468,77.68368696907575
2023-07-18 00:00:00-04:00,99.90457232846015,100.35989449167349,96.80271496910142,97.94100952148438,1117200,0.0,0.0,-1.0,93.25406036376953,88.01469985961914,94.0382636915537,63.690822623680084
2023-07-19 00:00:00-04:00,98.41528914744428,98.97494852276418,97.50465215968855,97.61848449707031,890700,0.0,0.0,-1.0,93.61736717224122,88.28925979614257,94.3792371016029,64.68550245179713
2023-07-20 00:00:00-04:00,96.72681851377043,97.35287829323481,96.10075149720637,97.22007751464844,848200,0.0,0.0,-1.0,93.9735595703125,88.51338256835938,94.64979333141675,60.40706635223951
2023-07-21 00:00:00-04:00,97.05881990499579,97.52362262738913,96.54658523176452,96.95447540283203,1294100,0.0,0.0,-1.0,94.34018630981446,88.80410736083985,94.86928686202774,63.398073983550965
2023-07-24 00:00:00-04:00,96.40429212007206,100.32193659453935,96.17663468828704,100.15119171142578,1317300,0.0,0.0,-1.0,94.93352317810059,89.13215270996093,95.37232541911327,64.68385311852278
2023-07-25 00:00:00-04:00,101.49818393256302,101.90607412009376,100.01839964156771,100.7298355102539,1330600,0.0,0.0,-1.0,95.58282699584962,89.4783772277832,95.88256447541238,69.39370071121003
2023-07-26 00:00:00-04:00,101.49816720225498,104.19213377381585,101.19462157113405,103.3858413696289,939200,0.0,0.0,-1.0,96.15909004211426,89.93831100463868,96.59716227486157,81.11161119180595
2023-07-27 00:00:00-04:00,103.68938878143781,103.85065305472361,101.09027881801094,101.4981689453125,606200,0.0,0.0,-1.0,96.67416915893554,90.27177810668945,97.06392481490451,73.3924600901525
2023-07-28 00:00:00-04:00,103.33842137172252,103.33842137172252,101.49817182830952,102.9210433959961,1126000,0.0,0.0,-1.0,97.17264862060547,90.63823272705078,97.62174563215133,74.07087120487999
2023-07-31 00:00:00-04:00,102.43728387293433,104.23010179891787,102.04836933621057,103.14871978759766,737800,0.0,0.0,-1.0,97.74416923522949,91.0369873046875,98.14812412314622,72.8384057836456
2023-08-01 00:00:00-04:00,103.04435861180231,105.10278502556883,102.61750002686917,104.0308837890625,644000,0.0,0.0,-1.0,98.2355339050293,91.47471389770507,98.70838694847157,68.2034958534212
2023-08-02 00:00:00-04:00,101.58354129468914,101.91555045227366,100.11324500765389,101.31793975830078,796200,0.0,0.0,-1.0,98.64721794128418,91.85082061767578,98.95691578750292,54.74972139234408
2023-08-03 00:00:00-04:00,103.78426838723463,104.34392779889346,103.2625458534002,103.27203369140625,632200,0.0,0.0,-1.0,99.26806411743163,92.24524642944336,99.36787939739848,58.30590844661278
2023-08-04 00:00:00-04:00,104.72335798176128,105.1217603186293,102.75030749855817,102.94950866699219,951300,0.0,0.0,-1.0,99.84100723266602,92.72306747436524,99.7089869468836,55.57701464042073
2023-08-07 00:00:00-04:00,103.86962524300186,103.90756935355165,101.5361167224329,102.63646697998047,608500,0.0,0.0,-1.0,100.35513763427734,93.19991287231446,99.9877945690833,63.69665432407038
2023-08-08 00:00:00-04:00,100.55907576364973,101.99142789039037,100.29347423649514,101.45073699951172,711600,0.0,0.0,-1.0,100.7487979888916,93.61076309204101,100.1271224196003,60.64272344695578
2023-08-09 00:00:00-04:00,102.68390941180992,102.95899881355913,101.09029279150062,101.87761688232422,786200,0.0,0.0,-1.0,100.96697196960449,93.95880310058594,100.29383617795494,62.91424183383998
2023-08-10 00:00:00-04:00,103.3384253893803,104.31546274590846,101.6973769331898,101.73532104492188,1096600,0.0,0.0,-1.0,101.07605857849121,94.38969039916992,100.4311204509994,63.34740988232527
2023-08-11 00:00:00-04:00,99.0698116150572,99.0698116150572,96.53709459792537,97.7607650756836,924300,0.0,0.0,-1.0,100.96792030334473,94.73901000976562,100.17680089144551,43.604073887176874
2023-08-14 00:00:00-04:00,97.53311076693984,98.22557817097957,96.69836198414502,97.72282409667969,704900,0.0,0.0,-1.0,100.81614723205567,95.07435821533203,99.94308881575353,41.71457881802912
2023-08-15 00:00:00-04:00,98.26350087577248,98.33938909156375,97.06829404400378,97.39080810546875,580500,0.0,0.0,-1.0,100.78863716125488,95.38739990234374,99.70001446239307,31.05524682056536
2023-08-16 00:00:00-04:00,96.18612767170745,97.15367723638532,95.39880359983157,96.30944061279297,601500,0.0,0.0,-1.0,100.72318496704102,95.67654907226563,99.37710266719307,32.72278960730945
2023-08-17 00:00:00-04:00,97.71335519860367,97.8841001106583,96.00590607805735,96.22408294677734,1102800,0.0,0.0,-1.0,100.67338523864746,95.87622192382813,99.07681507477253,25.520280219535053
2023-08-18 00:00:00-04:00,93.4731834856036,94.01387442903798,92.66689098919785,93.23603820800781,913300,0.0,0.0,-1.0,100.48746337890626,96.01537872314454,98.52055061127112,19.850029261790695
2023-08-21 00:00:00-04:00,94.12771062045302,95.79720823235111,93.5300998647067,95.237548828125,876500,0.0,0.0,-1.0,100.24178123474121,96.17094619750976,98.20788377478101,24.95961157590027
2023-08-22 00:00:00-04:00,96.8501244682985,96.96395680048951,95.53159737809064,96.62246704101562,787100,0.0,0.0,-1.0,100.03641281127929,96.35231475830078,98.05689170489859,35.534835839207275
2023-08-23 00:00:00-04:00,96.24303216822406,97.86510489027795,96.06279945340728,97.36235809326172,814000,0.0,0.0,-1.0,99.73523864746093,96.52818145751954,97.99074564664747,30.322169590592765
2023-08-24 00:00:00-04:00,93.12221226719493,96.13870069493943,91.77522873481279,93.52061462402344,1702800,0.0,0.0,-1.0,99.33636093139648,96.5883218383789,97.56501888258803,24.565026437995627
2023-08-25 00:00:00-04:00,94.023374589086,94.09925558766585,91.75626601711463,93.681884765625,1007200,0.0,0.0,-1.0,98.87440299987793,96.59059860229492,97.19519658573442,25.64508531622927
2023-08-28 00:00:00-04:00,95.19010830222872,98.67139906937285,95.19010830222872,98.20659637451172,1284100,0.0,0.0,-1.0,98.62729682922364,96.69285568237305,97.29152037514179,42.532765385928414
2023-08-29 00:00:00-04:00,99.5725604390057,100.42628488683489,98.7188359911765,99.5156478881836,1105500,0.0,0.0,-1.0,98.40153503417969,96.81541259765625,97.50334204305052,44.77548568265583
2023-08-30 00:00:00-04:00,98.79472841680875,99.61998938720953,98.1402051061324,98.69038391113281,528200,0.0,0.0,-1.0,98.2701572418213,96.98217330932617,97.61639364953454,43.46233305529692
2023-08-31 00:00:00-04:00,97.70384996134062,99.37335466667946,97.70384996134062,98.15917205810547,1273600,0.0,0.0,-1.0,98.01451416015625,97.14343215942382,97.66808683130321,51.0038323250156
2023-09-01 00:00:00-04:00,99.13621971796468,102.0578442100188,98.71884168891411,99.07929992675781,1614200,0.0,0.0,-1.0,97.82100372314453,97.33257934570312,97.80248807848938,53.27232463957607
2023-09-05 00:00:00-04:00,96.69836905062893,96.9639706265141,95.3988102119335,96.1861343383789,1195300,0.0,0.0,-1.0,97.49848709106445,97.49061294555663,97.64854962705029,47.41349062380318
2023-09-06 00:00:00-04:00,95.2754843410428,95.99640073864612,94.78221813520983,95.0667953491211,740000,0.0,0.0,-1.0,97.17929000854492,97.63707366943359,97.4026682672475,47.33630672998109
2023-09-07 00:00:00-04:00,93.91773504048889,94.18473526118173,93.07859045042419,93.39327239990234,877200,0.525,0.0,-1.0,96.75507278442383,97.66772750854493,97.02082104178606,44.318783842464455
2023-09-08 00:00:00-04:00,94.09892468130623,94.09892468130623,92.81159792468546,93.83192443847656,740800,0.0,0.0,-1.0,96.35990295410156,97.72043426513672,96.71711660337563,51.332221670332785
2023-09-11 00:00:00-04:00,97.29340697462874,97.81787694808932,96.15864863671104,96.70219421386719,862000,0.0,0.0,-1.0,96.30697441101074,97.7954490661621,96.71569542342245,53.1520609060644
2023-09-12 00:00:00-04:00,97.29339690647167,97.73204116833256,96.64496467693593,96.84521484375,725000,0.0,0.0,-1.0,96.26309394836426,97.89798721313477,96.7280306063108,50.50644663055832
2023-09-13 00:00:00-04:00,96.05374972336907,96.64496240907717,95.82488615934311,96.42564392089844,668700,0.0,0.0,-1.0,96.21483573913574,97.94242828369141,96.69923187436676,47.83877630700195
2023-09-14 00:00:00-04:00,97.59854102023904,97.60807882109623,96.31121436251483,97.03593444824219,737100,0.0,0.0,-1.0,96.2511604309082,98.02146179199218,96.73129878616442,59.53205306967857
2023-09-15 00:00:00-04:00,96.88335819657046,97.46504036704677,96.31121382689828,96.78800201416016,722500,0.0,0.0,-1.0,96.27935638427735,98.14011962890625,96.73669909359259,58.38307065520659
2023-09-18 00:00:00-04:00,96.27307797315268,97.39829848046946,96.13957785153976,96.72126007080078,846100,0.0,0.0,-1.0,96.453617477417,98.24473190307617,96.73522871046956,44.72092940016552
2023-09-19 00:00:00-04:00,96.8833561110817,97.42689434185174,96.50192411444074,96.6163558959961,429700,0.0,0.0,-1.0,96.52255783081054,98.32998184204102,96.72390749004352,38.73099770359264
2023-09-20 00:00:00-04:00,95.34810024477632,95.54835041164691,93.72702330808461,93.76516723632812,644000,0.0,0.0,-1.0,96.37969284057617,98.33373458862305,96.44212270397537,33.46125901414902
2023-09-21 00:00:00-04:00,92.48737268836561,92.97369868779147,91.72451593605365,92.30619812011719,722700,0.0,0.0,-1.0,96.12688484191895,98.22957580566407,96.0482251245603,31.498651638460643
2023-09-22 00:00:00-04:00,99.02890365788107,99.44847958488613,96.88335684513117,97.11221313476562,1306700,0.0,0.0,-1.0,96.30646476745605,98.18074829101562,96.14955731600843,45.00830175002749
2023-09-25 00:00:00-04:00,94.44220731935665,96.89289837090752,94.43266951831886,96.13957214355469,906900,0.0,0.0,-1.0,96.42934913635254,98.10506912231445,96.1486063472033,49.869082712353936
2023-09-26 00:00:00-04:00,95.84397370044074,96.51147432397848,95.46254165475726,95.51022338867188,384400,0.0,0.0,-1.0,96.29453048706054,98.00010787963868,96.0878079702003,51.28209766274882
2023-09-27 00:00:00-04:00,94.52802315536798,94.6233866127545,93.43141614752646,94.33731079101562,638300,0.0,0.0,-1.0,96.03561363220214,97.9280339050293,95.92109395313508,52.810900032303195
2023-09-28 00:00:00-04:00,91.87707793810804,94.2991626892713,91.61007772974848,93.9940185546875,699100,0.0,0.0,-1.0,95.80079536437988,97.85554458618164,95.73756296280675,50.48539608009424
2023-09-29 00:00:00-04:00,96.8261563073082,96.8261563073082,94.72828369365459,95.51022338867188,1110500,0.0,0.0,-1.0,95.6683479309082,97.82134750366211,95.71591157479389,46.11559579561243
2023-10-02 00:00:00-04:00,95.35763331274134,95.72952750064422,94.41359478000402,95.06202697753906,326400,0.0,0.0,-1.0,95.46748428344726,97.78349853515626,95.65363685124582,44.30226197220729
2023-10-03 00:00:00-04:00,92.92601955578822,94.78549794665557,92.92601955578822,94.232421875,619500,0.0,0.0,-1.0,95.36979866027832,97.66512313842773,95.51828304398431,43.17103971615166
2023-10-04 00:00:00-04:00,93.49816882806958,94.72827598054212,93.49816882806958,94.56616973876953,671200,0.0,0.0,-1.0,95.34476737976074,97.54184982299805,95.42760558634481,42.17522608952502
2023-10-05 00:00:00-04:00,93.76516997523224,94.64245852482745,93.52677587315459,94.6233901977539,551100,0.0,0.0,-1.0,95.40627326965333,97.36660079956054,95.35101364457425,43.05813142083696
2023-10-06 00:00:00-04:00,95.06202738126287,96.95010445475609,95.06202738126287,96.25399780273438,1168200,0.0,0.0,-1.0,95.52737693786621,97.26171737670899,95.4370121358276,48.63810478087596
2023-10-09 00:00:00-04:00,97.11222114635653,99.36266212651519,96.94058437137866,99.24823760986328,1140100,0.0,0.0,-1.0,95.65467910766601,97.18826126098632,95.79998599049766,56.56519865775082
2023-10-10 00:00:00-04:00,100.70720444113415,101.68938697158858,100.02062826736119,101.47959899902344,1775300,0.0,0.0,-1.0,95.88639831542969,97.15487884521484,96.34090151511916,69.85761923652488
2023-10-11 00:00:00-04:00,103.02439699220375,104.7789741078339,102.89089687580626,103.73004150390625,1241700,0.0,0.0,-1.0,96.25161819458008,97.14886199951172,97.04462913309888,78.25469010050081
2023-10-12 00:00:00-04:00,103.69190281396064,103.69190281396064,101.18399932895181,102.24246978759766,854600,0.0,0.0,-1.0,96.51194496154785,97.16735260009766,97.53966157638447,65.18061654118364
2023-10-13 00:00:00-04:00,99.80130192827019,101.05048458922822,99.57243837151893,100.60230255126953,714300,0.0,0.0,-1.0,96.70265998840333,97.11395797729492,97.83134166923068,62.70353290601576
2023-10-16 00:00:00-04:00,99.60105422900631,101.72753284819547,99.00984150432512,101.21260070800781,792100,0.0,0.0,-1.0,96.92722702026367,97.07921981811523,98.1533663395904,66.24991520898593
2023-10-17 00:00:00-04:00,99.04797728495602,99.3626519487273,97.81786293047335,98.9526138305664,881300,0.0,0.0,-1.0,97.04403991699219,97.00554275512695,98.22948514825478,62.38479406548942
2023-10-18 00:00:00-04:00,99.38173362240272,100.49741626491763,98.83819536513566,99.2196273803711,1014100,0.0,0.0,-1.0,97.31676292419434,96.96092056274414,98.32378440845633,64.08014113628525
2023-10-19 00:00:00-04:00,98.01812439986534,99.362663414429,97.59854843280756,97.97998046875,951200,0.0,0.0,-1.0,97.60045204162597,96.88296783447265,98.29104117610335,56.755314042929704
2023-10-20 00:00:00-04:00,96.70220177749725,97.15991444903482,95.74862522404695,95.9488754272461,685600,0.0,0.0,-1.0,97.54228515625,96.76723892211913,98.06797777145027,52.23241155604891
2023-10-23 00:00:00-04:00,95.73907377908333,97.21711286119061,94.80456568877189,96.187255859375,1255300,0.0,0.0,-1.0,97.54466934204102,96.73576873779297,97.88886139887168,55.07175002929542
2023-10-24 00:00:00-04:00,96.18725709652281,102.49992840589499,96.18725709652281,101.0791015625,1154500,0.0,0.0,-1.0,97.82311325073242,96.80289428710938,98.19269379540772,63.66546915875523
2023-10-25 00:00:00-04:00,99.54383956824681,101.0218858946823,99.18148315621714,100.03970336914062,739100,0.0,0.0,-1.0,98.10823287963868,96.85587219238282,98.36859946909657,60.9146762758493
2023-10-26 00:00:00-04:00,100.4592751784636,100.65952535520609,99.30544857425546,100.20181274414062,512500,0.0,0.0,-1.0,98.41862258911132,96.93371963500977,98.54319120957695,58.45589484940948
2023-10-27 00:00:00-04:00,102.52852808256917,103.23417983439164,101.06002687522265,101.82288360595703,959500,0.0,0.0,-1.0,98.73425559997558,97.04569564819336,98.85554286637505,55.85935221119948
2023-10-30 00:00:00-04:00,102.7478521326404,104.16867886289137,102.62388982570918,102.84320831298828,1178600,0.0,0.0,-1.0,99.12331466674804,97.23783905029296,99.23532052795726,53.284323868207345
2023-10-31 00:00:00-04:00,102.83367125735708,103.94936112866142,100.78348790178963,101.95638275146484,1650800,0.0,0.0,-1.0,99.50951271057129,97.37221572875977,99.49446931114845,45.427711556623905
2023-11-01 00:00:00-04:00,102.31875641275812,103.42490131616381,101.61310459872571,103.32000732421875,959100,0.0,0.0,-1.0,99.94720458984375,97.50616653442383,99.85880626477419,52.79563324205571
2023-11-02 00:00:00-04:00,103.90169430250181,104.85527080007456,103.22465586225051,104.66455841064453,841100,0.0,0.0,-1.0,100.44926300048829,97.65221054077148,100.31649694533327,60.70356530877927
2023-11-03 00:00:00-04:00,105.01737009281645,107.86856886959131,105.01737009281645,107.48713684082031,1324300,0.0,0.0,-1.0,101.01091995239258,97.93154098510742,100.99941503061774,64.80649312584481
2023-11-06 00:00:00-05:00,107.33455785059557,107.33455785059557,105.37973058489163,106.3809814453125,736400,0.0,0.0,-1.0,101.36755714416503,98.18552291870117,101.51194516535057,68.53881923655902
2023-11-07 00:00:00-05:00,106.37143622783134,107.0198683848735,105.68486014682085,106.62889862060547,705700,0.0,0.0,-1.0,101.62502212524414,98.35396896362305,101.99927406585104,68.50880282495437
2023-11-08 00:00:00-05:00,106.46680359698841,107.51573615319704,106.16165944836025,106.91498565673828,515400,0.0,0.0,-1.0,101.78426933288574,98.50195571899414,102.46743707450696,73.43672640805991
2023-11-09 00:00:00-05:00,107.4489868788882,109.4610336243806,107.19152445716638,107.72552490234375,853600,0.0,0.0,-1.0,102.05842208862305,98.68265853881836,102.96820734382474,83.00370022095275
2023-11-10 00:00:00-05:00,107.18198046027156,108.92702688229679,107.10569260816762,108.59326934814453,592200,0.0,0.0,-1.0,102.4579704284668,98.89134048461914,103.50392753471233,83.58282379891624
2023-11-13 00:00:00-05:00,109.59452781756367,110.61485419890725,109.00330787432148,109.78524017333984,837300,0.0,0.0,-1.0,102.8866024017334,99.10545928955078,104.10214778601019,79.47058212826005
2023-11-14 00:00:00-05:00,108.9747085571289,109.81386043547768,107.61109403002264,108.9747085571289,1336400,0.0,0.0,-1.0,103.38770713806153,99.36123077392578,104.5662011927834,80.72131257630296
2023-11-15 00:00:00-05:00,110.61486024113607,110.92954219304498,108.77445753404669,109.7375717163086,1824800,0.0,0.0,-1.0,103.91360435485839,99.65464630126954,105.05871267121437,81.48614844354202
2023-11-16 00:00:00-05:00,106.03769353833917,109.39428656478131,104.41661655667593,107.13430786132812,2773200,0.0,0.0,-1.0,104.3713207244873,99.92946701049804,105.25638840360615,66.46955595204807
2023-11-17 00:00:00-05:00,110.85325243161715,112.3026853053294,109.73756983061392,111.70193481445312,2057400,0.0,0.0,-1.0,105.15897369384766,100.28686721801758,105.87024996654395,72.51576022354212
2023-11-20 00:00:00-05:00,110.74834982273332,113.38022242219182,110.00456148000173,112.97018432617188,1205800,0.0,0.0,-1.0,105.9981201171875,100.61222702026367,106.54643419127042,77.460767234587
2023-11-21 00:00:00-05:00,109.89967629766349,111.29189692046982,109.47056984259405,111.07257843017578,1014100,0.0,0.0,-1.0,106.49779396057129,100.89677429199219,106.97749554735664,68.82817627328681
2023-11-22 00:00:00-05:00,111.56843300825204,112.01661505701968,110.54810660422771,111.3395767211914,859800,0.0,0.0,-1.0,107.06278762817382,101.19505294799805,107.39293184962662,67.10654332497012
2023-11-24 00:00:00-05:00,107.2678051589387,110.07132204968924,107.143842848372,110.05225372314453,1576000,0.0,0.0,-1.0,107.55530967712403,101.4553793334961,107.64620059948547,57.1352837835945
2023-11-27 00:00:00-05:00,107.76366765265357,109.7566387746274,107.60155414053068,108.99378204345703,1596600,0.0,0.0,-1.0,107.91385459899902,101.69949493408203,107.77454168938752,57.28725529874842
2023-11-28 00:00:00-05:00,108.86982268234765,109.66129289012703,108.07835247456825,108.90796661376953,1043300,0.0,0.0,-1.0,108.21709251403809,101.9432290649414,107.88248692028105,56.414456308036144
2023-11-29 00:00:00-05:00,108.10695046247574,109.27030746648809,108.05926873619548,108.34534454345703,771700,0.0,0.0,-1.0,108.53654060363769,102.17780883789062,107.92656859867877,53.96405204435814
2023-11-30 00:00:00-05:00,108.58000316905786,108.91521384656116,106.55915226133753,108.68535614013672,1262200,0.495,0.0,-1.0,108.8048080444336,102.4762126159668,107.99883407881762,52.73127843204683
2023-12-01 00:00:00-05:00,107.27745980442448,107.88083900040239,104.49998644318958,104.75857543945312,1968600,0.0,0.0,-1.0,108.80950889587402,102.72526016235352,107.69023801792576,40.706086057381704
2023-12-04 00:00:00-05:00,102.19180621401566,102.19180621401566,99.49095456847296,99.77828216552734,1992000,0.0,0.0,-1.0,108.42406616210937,102.77858154296875,106.93671841293545,29.509438301105803
2023-12-05 00:00:00-05:00,96.90502799998706,99.05038335730853,96.4357331139888,98.38954162597656,2588900,0.0,0.0,-1.0,108.02449417114258,102.82358093261719,106.12270157608222,28.82684244694498
2023-12-06 00:00:00-05:00,100.53490883232448,100.95632071017872,98.12137737721613,98.22673034667969,1521100,0.0,0.0,-1.0,107.6043857574463,102.87791107177735,105.37070431613913,26.408936636902695
2023-12-07 00:00:00-05:00,100.45828310976167,100.67856857531112,99.76870272183474,100.33377838134766,2022200,0.0,0.0,-1.0,107.27532539367675,102.99784042358398,104.89099708425422,35.77318794524675
2023-12-08 00:00:00-05:00,100.37210181711055,100.81266549648053,99.73040441013806,100.12308502197266,1101100,0.0,0.0,-1.0,106.8952033996582,103.12042175292969,104.4369102211798,20.376670683685717
2023-12-11 00:00:00-05:00,100.3720955527659,101.20533248492187,100.15181007330656,100.58279418945312,1740600,0.0,0.0,-1.0,106.49467964172364,103.22187316894531,104.06985155149155,16.94037849442749
2023-12-12 00:00:00-05:00,101.40645576397954,102.28759034758421,100.65941275528535,102.16307830810547,889500,0.0,0.0,-1.0,106.11357154846192,103.36389419555664,103.8882540997405,25.81254101022688
2023-12-13 00:00:00-05:00,102.9580183880323,103.42731335610746,100.90843609491786,102.41210174560547,1239200,0.0,0.0,-1.0,105.78544120788574,103.52748779296876,103.74766816125145,25.74006624438772
2023-12-14 00:00:00-05:00,100.74560965236255,100.77434095038466,99.15574296272615,100.02729797363281,1878700,0.0,0.0,-1.0,105.29992752075195,103.63671035766602,103.39334719100206,24.291173046634256
2023-12-15 00:00:00-05:00,100.35293051601775,100.35293051601775,98.37039054691138,98.54278564453125,1901900,0.0,0.0,-1.0,104.8703514099121,103.71509826660156,102.93138894848103,23.771725690031317
2023-12-18 00:00:00-05:00,98.24588416271393,98.68644778097635,97.49884118796268,98.56194305419922,1068700,0.0,0.0,-1.0,104.21335182189941,103.76125717163086,102.51525124426372,23.948006439639897
2023-12-19 00:00:00-05:00,99.00252001730682,100.42956402827802,98.70561284874923,98.85885620117188,1163000,0.0,0.0,-1.0,103.50778541564941,103.75346954345703,102.16702314492164,25.788387972130252
2023-12-20 00:00:00-05:00,98.80138583768533,99.51011801936332,97.69997307654928,97.74785614013672,1285600,0.0,0.0,-1.0,102.84154930114747,103.6788346862793,101.74615009684689,23.1420705035637
2023-12-21 00:00:00-05:00,99.23237877658205,100.01773269834769,98.34167187568546,99.99858093261719,1164900,0.0,0.0,-1.0,102.27449951171874,103.60420547485352,101.57971493834881,37.26301193790233
2023-12-22 00:00:00-05:00,78.5354149636768,86.63797031357176,77.86499361241452,83.93711853027344,21186700,0.0,0.0,1.0,100.9687427520752,103.23809844970702,99.89946766138925,23.391296658682776
2023-12-26 00:00:00-05:00,88.304443359375,90.46895786302363,87.30839095949261,88.304443359375,8078200,0.0,0.0,1.0,99.9342758178711,102.99214126586914,98.79517963262599,34.60077250446993
2023-12-27 00:00:00-05:00,84.77993197291762,85.68979783961849,83.42950978280324,83.92753601074219,7497500,0.0,0.0,1.0,98.68525428771973,102.64643997192383,97.37921357339897,30.655623730999565
2023-12-28 00:00:00-05:00,86.13993623506333,87.36585362706498,85.38331374627141,85.5269775390625,3372100,0.0,0.0,1.0,97.5443359375,102.37792724609375,96.25042918917646,29.6899785697736
2023-12-29 00:00:00-05:00,88.06502465798243,90.15291793695425,87.40418276401374,89.22390747070312,5088600,0.0,0.0,1.0,96.57126350402832,102.17801284790039,95.58123664455995,36.35494449717934
2024-01-02 00:00:00-05:00,88.11290612684844,89.04192380622608,87.54783773624256,88.56304931640625,3103700,0.0,0.0,1.0,95.76148719787598,101.98967422485352,94.91283785140246,35.02747691376628
2024-01-03 00:00:00-05:00,89.66446084558447,92.46108607317916,88.6109311371357,92.14502716064453,3158800,0.0,0.0,1.0,95.37982444763183,101.91359725952148,94.64923683323504,38.11366323225629
2024-01-04 00:00:00-05:00,90.52643000923736,92.25996062483325,89.94220985627585,91.81939697265625,2112200,0.0,0.0,-1.0,95.05131721496582,101.8262400817871,94.37972827508467,37.454647115387566
2024-01-05 00:00:00-05:00,89.74107225035164,89.75065178567021,87.3275481502283,87.33712768554688,3146400,0.0,0.0,1.0,94.50683708190918,101.55140060424804,93.7090044094144,35.68189213338452
2024-01-08 00:00:00-05:00,85.01936988845276,86.70501006287235,84.34894855563817,86.3027572631836,2823200,0.0,0.0,-1.0,93.80528602600097,101.2766616821289,93.00364753834481,36.048059394702356
2024-01-09 00:00:00-05:00,85.88134230350255,85.97711573231025,85.14387886393446,85.66106414794922,1599400,0.0,0.0,-1.0,93.08218498229981,100.98584671020508,92.30435388211666,35.50055855996142
2024-01-10 00:00:00-05:00,85.91007954170983,86.33149142605548,85.17261605114969,85.20134735107422,1251000,0.0,0.0,-1.0,92.31311264038087,100.65341598510742,91.62787706963643,34.70614217573802
2024-01-11 00:00:00-05:00,86.19740236070785,86.96360441562078,85.62275447304533,86.59965515136719,1611100,0.0,0.0,-1.0,91.53494148254394,100.328544921875,91.14899879170602,37.595913660006694
2024-01-12 00:00:00-05:00,85.9866984951326,87.34670023356988,85.9866984951326,87.21261596679688,1133500,0.0,0.0,-1.0,90.77496719360352,100.03366958618165,90.77410518933372,35.235555286166715
2024-01-16 00:00:00-05:00,85.74725938674264,87.8734631520278,85.49824262230126,85.76641845703125,2892100,0.0,0.0,-1.0,90.06192321777344,99.6825978088379,90.29718264340015,53.18864625429484
2024-01-17 00:00:00-05:00,82.36640863249949,84.65542800876935,82.17486176779985,84.63627624511719,3357100,0.0,0.0,1.0,89.36659774780273,99.28203216552734,89.75804870070652,42.79264937000853
2024-01-18 00:00:00-05:00,84.79908867459129,85.88134230350255,84.1286600588488,85.66106414794922,2322500,0.0,0.0,-1.0,88.72155380249023,98.84551071166992,89.36785969568203,53.92284655808054
2024-01-19 00:00:00-05:00,85.67064906262995,87.94051692743693,84.91403374807294,87.8255844116211,3343500,0.0,0.0,1.0,88.16989021301269,98.4744027709961,89.22097633529526,55.071867006897655
2024-01-22 00:00:00-05:00,84.41599047334975,87.44248061271438,84.35852787555368,87.05937957763672,2733600,0.0,0.0,-1.0,87.63546638488769,98.08301239013672,89.01510997742302,44.514526858630866
2024-01-23 00:00:00-05:00,92.45150216165143,94.29037833601522,92.28868659879559,93.897705078125,3643900,0.0,0.0,1.0,87.33042259216309,97.82266677856445,89.48011903463274,60.2957390767607
2024-01-24 00:00:00-05:00,97.35517691921056,98.3320775798313,95.2960153276072,95.985595703125,3306200,0.0,0.0,1.0,87.93284645080567,97.58786819458008,90.0996882411558,57.86582113046715
2024-01-25 00:00:00-05:00,97.6903907665308,99.25151889040113,96.91461647222728,99.12701416015625,2671700,0.0,0.0,-1.0,88.47397499084472,97.39854309082031,90.9594335667749,63.41890883944618
2024-01-26 00:00:00-05:00,97.88193744420639,98.24588671307752,96.75179341774566,97.93940734863281,1337100,0.0,0.0,-1.0,89.17456855773926,97.16162643432617,91.62419297457089,72.14885996475721
2024-01-29 00:00:00-05:00,97.99686470508765,98.06390683412933,94.09882707184855,95.09488677978516,2307000,0.0,0.0,-1.0,89.6529640197754,96.8840299987793,91.95473524173416,67.07588055320778
2024-01-30 00:00:00-05:00,92.25994605973462,94.39572184739652,92.25994605973462,93.43797302246094,1426500,0.0,0.0,-1.0,89.86366729736328,96.55803802490234,92.09599598275575,64.53111016264648
2024-01-31 00:00:00-05:00,92.80587808775383,94.4915183469603,92.67179381444653,93.51461029052734,1344800,0.0,0.0,-1.0,90.11124534606934,96.28564407348632,92.23110210730543,65.75888316944406
2024-02-01 00:00:00-05:00,96.05263630559043,97.4605283320338,95.90897251180239,96.6368637084961,1281200,0.0,0.0,-1.0,90.33583717346191,95.98434265136719,92.65069845027597,67.8595602215807
2024-02-02 00:00:00-05:00,94.7884116566379,95.64080760975128,94.04136866914928,94.65432739257812,1177600,0.0,0.0,-1.0,90.477583694458,95.61802551269531,92.84152025430474,62.625929210916965
2024-02-05 00:00:00-05:00,96.17715058516926,96.96250445458698,95.93771334074867,96.41658782958984,1309900,0.0,0.0,-1.0,90.93155670166016,95.32490570068359,93.18200288052236,67.87779964360662
2024-02-06 00:00:00-05:00,100.84139170612438,103.06336906341926,99.86448364755503,102.83351135253906,2500400,0.0,0.0,-1.0,91.75809440612792,95.15478439331055,94.10119416357158,75.9420908397581
2024-02-07 00:00:00-05:00,99.5867272201283,101.91405718477225,99.51010555952877,101.84700775146484,1030100,0.0,0.0,-1.0,92.56739158630371,94.99067947387695,94.8388906957519,73.09999642860565
2024-02-08 00:00:00-05:00,101.33942073917318,101.55012669118513,99.93152852077067,100.2667465209961,1103100,0.0,0.0,-1.0,93.3206615447998,94.81613876342773,95.35582934577515,68.05670469302822
2024-02-09 00:00:00-05:00,101.58842378984207,102.2780041551521,99.7591272218529,102.11518859863281,611600,0.0,0.0,-1.0,94.09643821716308,94.680283203125,95.9995778460473,71.18597303381884
2024-02-12 00:00:00-05:00,102.8526539461528,104.17434479966929,102.78561181533045,103.48477172851562,1404500,0.0,0.0,-1.0,94.91004600524903,94.58307174682618,96.71245345390143,65.94456157518457
2024-02-13 00:00:00-05:00,102.0673008815728,102.19180560913577,99.79743333800283,100.18053436279297,1055100,0.0,0.0,-1.0,95.63075180053711,94.4129753112793,97.04274687379586,56.7054436096094
2024-02-14 00:00:00-05:00,101.9906843051988,103.07294530227104,101.41603639285712,103.02505493164062,746300,0.0,0.0,-1.0,96.55019073486328,94.37830490112304,97.6124904983525,56.290571603755694
2024-02-15 00:00:00-05:00,103.03462952608794,103.57096657761385,102.25884793993731,103.23575592041016,925100,0.0,0.0,-1.0,97.42892532348633,94.4474543762207,98.14803958616751,58.82539597786414
2024-02-16 00:00:00-05:00,104.97886538647013,105.25661346514521,103.1974517143092,103.20703125,769300,0.0,0.0,-1.0,98.19799766540527,94.54380416870117,98.62984831605633,64.91724124578799
2024-02-20 00:00:00-05:00,103.5135062895798,104.60533948713055,102.28758882615753,103.09209442138672,1619600,0.0,0.0,-1.0,98.99963340759277,94.64111145019531,99.05482413561161,68.82003496338126
2024-02-21 00:00:00-05:00,104.61491552167192,104.61491552167192,101.78955188353723,102.373779296875,2527600,0.0,0.0,-1.0,99.42343711853027,94.68191146850586,99.37091510335098,66.84880535150522
2024-02-22 00:00:00-05:00,103.2166029407368,104.80646973306482,102.66111409332635,104.24139404296875,1162100,0.0,0.0,-1.0,99.83622703552246,94.76427764892578,99.83477024045743,65.18745765986553
2024-02-23 00:00:00-05:00,104.1264598542183,104.87350281473043,102.97715680900849,104.05941772460938,715400,0.0,0.0,-1.0,100.08284721374511,94.83381011962891,100.23711761990047,70.2390576392779
2024-02-26 00:00:00-05:00,103.7242195487787,103.89661466093744,102.49829469173599,102.9388656616211,1015500,0.0,0.0,-1.0,100.33282012939453,94.84932586669922,100.4944269572072,64.43410230746268
2024-02-27 00:00:00-05:00,107.17211164108747,109.66225751182475,106.49211074646213,108.3597183227539,2121600,0.0,0.0,-1.0,100.99606170654297,94.96827819824219,101.24350232535451,62.79379155861383
2024-02-28 00:00:00-05:00,108.84816755621071,108.96309275151374,107.26788035739378,107.53604888916016,1664200,0.0,0.0,-1.0,101.70096549987792,95.11845321655274,101.84279247428839,63.27082757894077
2024-02-29 00:00:00-05:00,104.44252865753243,108.70450867391195,102.25885485638557,103.36026763916016,3556200,0.0,0.0,1.0,102.19324836730956,95.21480285644532,101.98731391856188,56.43681452657567
2024-03-01 00:00:00-05:00,105.35238322776081,107.26788110462918,104.88308829390051,105.8216781616211,1557200,0.0,0.0,-1.0,102.65248908996583,95.35999755859375,102.3524914655199,57.5204079516011
2024-03-04 00:00:00-05:00,107.17210710358033,107.2008384024538,103.45603656566324,104.27970123291016,2592300,0.0,0.0,-1.0,103.13375778198242,95.46841445922851,102.5360352528904,51.60169428212066
2024-03-05 00:00:00-05:00,102.09603874320919,102.7951987064268,100.24758293878,101.46392822265625,1619400,0.0,0.0,-1.0,103.38612480163575,95.54273590087891,102.43392982143953,52.63781835265603
2024-03-06 00:00:00-05:00,102.47913576447665,102.90054763297734,97.85320666739887,99.2036361694336,4607500,0.0,0.0,1.0,103.20463104248047,95.52683700561523,102.12628280696278,41.95239247464723
2024-03-07 00:00:00-05:00,99.61546459008498,101.87575256628496,99.5292633898935,101.38729858398438,1351900,0.0,0.0,-1.0,103.18164558410645,95.87584060668945,102.0559033571553,46.40595243499129
2024-03-08 00:00:00-05:00,101.64590021247737,102.37379150899828,100.78393194562204,101.45435333251953,1584600,0.0,0.0,-1.0,103.24102592468262,96.13883880615235,101.99861287861856,46.5972530602608
2024-03-11 00:00:00-04:00,102.58449689657354,104.27970942671,102.34505964442153,102.96759796142578,1370200,0.0,0.0,-1.0,103.28364639282226,96.51964004516601,102.09089717221926,49.770743124963126
2024-03-12 00:00:00-04:00,103.64759469610554,104.44252809484702,103.19745151110627,104.3180160522461,1662500,0.0,0.0,-1.0,103.32530860900879,96.89546081542969,102.30300373222181,53.49880730123312
2024-03-13 00:00:00-04:00,105.53685772994453,107.4908898701664,105.53685772994453,106.33975219726562,1492800,1.08,0.0,-1.0,103.63326950073242,97.23777770996094,102.68745596698788,53.75532982226371
2024-03-14 00:00:00-04:00,105.16927276344447,105.60457308777328,103.4474076508931,104.01813507080078,1091200,0.0,0.0,-1.0,103.68292350769043,97.54687942504883,102.81418731020817,49.93137409829421
2024-03-15 00:00:00-04:00,104.5888742520946,104.85972845459827,103.19590134753454,103.43773651123047,1571100,0.0,0.0,-1.0,103.69302253723144,97.77273361206055,102.87357294840076,50.84445925317505
2024-03-18 00:00:00-04:00,102.52843820643822,102.99276498738132,101.10644620381579,102.30595397949219,1231100,0.0,0.0,-1.0,103.64796867370606,97.98246475219726,102.8195139989809,38.011786380243265
2024-03-19 00:00:00-04:00,101.44501379435005,102.18018735409439,100.21648707017313,102.05443572998047,762300,0.0,0.0,-1.0,103.59608573913575,98.27681091308594,102.74664940193324,38.89312457874982
2024-03-20 00:00:00-04:00,103.16687293570304,104.11486255833817,102.77993523289932,103.90205383300781,917000,0.0,0.0,-1.0,103.67249946594238,98.62879684448242,102.85668791917844,51.21213083290916
2024-03-21 00:00:00-04:00,103.5634859812931,104.65658562176242,102.57680178127376,103.35066986083984,907300,0.0,0.0,-1.0,103.62796325683594,98.98258895874024,102.9037338183843,43.95500860050647
2024-03-22 00:00:00-04:00,103.33132196957315,103.33132196957315,101.75455945802436,102.07377624511719,571000,0.0,0.0,-1.0,103.52868118286133,99.3200375366211,102.82469023997791,44.532588145907575
2024-03-25 00:00:00-04:00,100.57440683425264,101.40632036938474,99.21045299866746,100.13909912109375,964300,0.0,0.0,-1.0,103.38869285583496,99.59082641601563,102.56891965722704,46.56642991600361
2024-03-26 00:00:00-04:00,99.67477745776104,101.04839935432997,99.21045071711438,100.7582015991211,1102500,0.0,0.0,-1.0,103.00861701965331,99.86173812866211,102.39647031835982,54.40359168487088
2024-03-27 00:00:00-04:00,99.63608333426534,100.59374847654966,99.50065623859778,100.30355072021484,847100,0.0,0.0,-1.0,102.64699211120606,100.15248077392579,102.19714464234602,46.59671739641897
2024-03-28 00:00:00-04:00,100.33258684285381,100.82593270692203,99.74250837686864,100.09075164794922,1733500,0.0,0.0,-1.0,102.4835163116455,100.46157028198242,101.9965357857368,45.756736326496494
2024-04-01 00:00:00-04:00,100.09074216656037,100.47767991779881,95.12827971385826,95.48619842529297,3088775,0.0,0.0,-1.0,101.9667423248291,100.6580729675293,101.37650365617071,30.47564777073208
2024-04-02 00:00:00-04:00,92.87438042834927,94.40277308843231,92.40037818304647,93.68694305419922,1705900,0.0,0.0,-1.0,101.43710441589356,100.77530014038086,100.64416455122104,22.890961993853836
2024-04-03 00:00:00-04:00,93.64824040542605,94.64460003494167,92.59384270202735,93.59020233154297,1208300,0.0,0.0,-1.0,101.0434181213379,100.90591659545899,99.97235862553742,13.949679537654049
2024-04-04 00:00:00-04:00,94.33505211246865,94.55754369787947,92.88404121173393,92.93241119384766,912800,0.0,0.0,-1.0,100.7298568725586,100.88661071777344,99.30188744156698,15.398559007536448
2024-04-05 00:00:00-04:00,92.96143742141321,95.04122134937818,92.75829676522459,93.63858032226562,1110200,0.0,0.0,-1.0,100.34242095947266,100.83967041015624,98.76252485877636,19.652538644490534
2024-04-08 00:00:00-04:00,93.89007377177013,93.97713826116552,93.15490024912617,93.80301666259766,1085500,0.0,0.0,-1.0,99.95985412597656,100.73319046020508,98.29019074485458,21.988511865894367
2024-04-09 00:00:00-04:00,97.2854541704927,97.459575792179,95.77640503602737,97.33382415771484,2168600,0.0,0.0,-1.0,99.67816543579102,100.72107879638672,98.19910821274603,37.21178250481568
2024-04-10 00:00:00-04:00,96.10529415187514,97.02427221711575,94.97350733848195,96.25039672851562,1061700,0.0,0.0,-1.0,99.2747844696045,100.74418899536133,98.01351664281933,28.376216464224484
2024-04-11 00:00:00-04:00,95.39913422054497,95.64096937457981,92.60352043032005,93.97714233398438,1679000,0.0,0.0,-1.0,98.65665397644042,100.7549723815918,97.62910004197789,25.859539710889862
2024-04-12 00:00:00-04:00,92.06180739453441,92.06180739453441,88.9953393217663,89.14044189453125,2662100,0.0,0.0,-1.0,97.91276931762695,100.66748901367187,96.82065640888773,21.85268402707672
2024-04-15 00:00:00-04:00,89.99169592615279,90.41732815697475,88.73415755906919,89.15978240966797,1650900,0.0,0.0,-1.0,97.19887161254883,100.51794738769532,96.091049361343,23.932043811989416
2024-04-16 00:00:00-04:00,88.56971733527875,88.71481992485072,87.13805714807016,87.46694946289062,1859500,0.0,0.0,-1.0,96.45692138671875,100.37419982910156,95.26970651387134,19.9738020017339
2024-04-17 00:00:00-04:00,87.14771971185932,87.44760034600542,86.27711899012063,87.00262451171875,1109900,0.0,0.0,-1.0,95.70433082580567,100.18592056274414,94.48236537080919,19.96507540865666
2024-04-18 00:00:00-04:00,88.06669505000605,89.70150313595045,87.72812729321319,89.47901153564453,2102200,0.0,0.0,-1.0,94.9831787109375,99.91883056640626,94.00585548174588,28.259995636062627
2024-04-19 00:00:00-04:00,89.37261508595995,90.58179107465432,89.1404553625935,90.45603942871094,1652200,0.0,0.0,-1.0,94.33844718933105,99.69101119995118,93.66777776240923,37.89575759534037
2024-04-22 00:00:00-04:00,90.56242905368553,92.24559962053264,89.54671847804744,91.7812728881836,1507000,0.0,0.0,-1.0,93.82382202148438,99.52130172729493,93.4881106315306,45.30726534072207
2024-04-23 00:00:00-04:00,89.96268195638761,90.52374131403595,89.19848194446458,90.0303955078125,1738900,0.0,0.0,-1.0,93.31838684082031,99.27960586547852,93.15880442927174,41.894280336840325
2024-04-24 00:00:00-04:00,91.47172853962523,91.72323917244074,90.35929270801194,90.9493637084961,905900,0.0,0.0,-1.0,92.82794494628907,99.02889770507812,92.94838150348359,45.53765427181506
2024-04-25 00:00:00-04:00,90.09810734897529,91.46206120493052,89.69182604813803,91.04610443115234,547100,0.0,0.0,-1.0,92.36507263183594,98.84620910644531,92.76721225849965,44.001775102179586
2024-04-26 00:00:00-04:00,92.45841282243846,93.94811817572396,92.31331026188168,92.85501861572266,1192300,0.0,0.0,-1.0,92.0032859802246,98.64280838012695,92.77557476871137,47.96171857622132
2024-04-29 00:00:00-04:00,93.28065592258433,93.59020462458332,92.19723177547624,93.47412109375,1174500,0.0,0.0,-1.0,91.90268211364746,98.44757568359375,92.84210299014362,40.51349846141729
2024-04-30 00:00:00-04:00,91.94572781394066,92.60351972310076,90.36895789833252,90.41732788085938,1148000,0.0,0.0,-1.0,91.73920135498047,98.19178161621093,92.61117202735464,36.93103886815623
2024-05-01 00:00:00-04:00,90.69786045590396,92.41972561394627,90.55275788388641,90.9493637084961,677600,0.0,0.0,-1.0,91.60715942382812,97.94892700195312,92.45290456841573,42.642193112465215
2024-05-02 00:00:00-04:00,93.32903553162801,95.98922250076053,92.7776516186895,95.7183609008789,2104000,0.0,0.0,-1.0,91.74645690917968,97.8158186340332,92.7639004096027,66.03777796544529
2024-05-03 00:00:00-04:00,96.97590321717996,100.48734723040779,96.64701092832732,99.65543365478516,2724100,0.0,0.0,-1.0,92.04729957580567,97.72409942626953,93.4202369091439,71.4851971310715
2024-05-06 00:00:00-04:00,99.63608529821825,99.8489014185259,96.85981502186321,98.53331756591797,2655800,0.0,0.0,-1.0,92.28381462097168,97.6135774230957,93.9071969716938,73.19546776457629
2024-05-07 00:00:00-04:00,94.34472323099928,94.53819577030248,93.21293655191081,93.76432037353516,2192600,0.0,0.0,-1.0,92.1053394317627,97.43008651733399,93.89358967663108,62.00616599081359
2024-05-08 00:00:00-04:00,92.9420881829328,93.57086105955605,92.3423343439621,93.47412109375,1233900,0.0,0.0,-1.0,91.96652565002441,97.1323745727539,93.85364028778527,57.69086722460105
2024-05-09 00:00:00-04:00,96.4148387020462,97.42087384163338,94.26734132525657,95.27337646484375,1015700,0.0,0.0,-1.0,92.03133735656738,96.88712112426758,93.98885325702894,58.98914442982204
2024-05-10 00:00:00-04:00,95.38945414131912,96.43418372755053,94.27701101043694,95.31206512451172,772600,0.0,0.0,-1.0,92.33991851806641,96.7261570739746,94.11487343488443,56.92074494748591
2024-05-13 00:00:00-04:00,95.92149823517379,97.91421752605274,95.39913342120856,96.24071502685547,2467300,0.0,0.0,-1.0,92.69396514892578,96.5345378112793,94.31733453888168,62.57835599139973
2024-05-14 00:00:00-04:00,96.41483959550324,96.42451506834351,94.68329896826417,95.4184799194336,1407900,0.0,0.0,-1.0,93.09154167175294,96.35731338500976,94.42220552750568,59.087338203692546
2024-05-15 00:00:00-04:00,96.63732886737039,96.63732886737039,94.56722054269878,95.53456115722656,1301900,0.0,0.0,-1.0,93.51813850402831,96.23872604370118,94.52814415890766,59.11949178579036
2024-05-16 00:00:00-04:00,98.18507958810787,101.33861228961713,97.57565761306222,100.80657196044922,1691400,0.0,0.0,-1.0,94.08451652526855,96.27078475952149,95.12608966381639,64.16266519979432
2024-05-17 00:00:00-04:00,100.60342644629974,103.83434063774098,100.60342644629974,101.541748046875,1697200,0.0,0.0,-1.0,94.63880195617676,96.2738737487793,95.7371047479172,64.3102359110271
2024-05-20 00:00:00-04:00,100.6034312532422,101.53207742533759,100.05204735792857,101.3095932006836,1475900,0.0,0.0,-1.0,95.11521797180175,96.27097854614257,96.26781793389495,71.47217884851918
2024-05-21 00:00:00-04:00,98.3978908425126,98.57201245249838,95.28305280844643,95.66999053955078,2263400,0.0,0.0,-1.0,95.39719772338867,96.12502639770508,96.21088199157646,57.746037357727715
2024-05-22 00:00:00-04:00,94.79938555295502,97.21773722522428,94.79938555295502,95.14762878417969,1624300,0.0,0.0,-1.0,95.60711097717285,95.94161865234375,96.10961978134819,48.91183835271234
2024-05-23 00:00:00-04:00,91.89736177077333,94.83807823306489,91.30728338372207,91.6458511352539,2944700,0.0,0.0,-1.0,95.63709831237793,95.64774063110352,95.68449895791063,34.47111698048904
2024-05-24 00:00:00-04:00,88.96632954075642,89.17914568559341,87.0606670913651,87.52499389648438,3284400,0.0,0.0,1.0,95.37059707641602,95.3178778076172,94.9074032377748,30.88039218648258
2024-05-28 00:00:00-04:00,86.76078859087839,88.32787578069512,86.7220940777661,88.21179962158203,3510600,0.0,0.0,1.0,95.10748100280762,95.01335906982422,94.2697267028993,38.762743781664525
2024-05-29 00:00:00-04:00,86.57699457219167,87.16707300271055,86.19973228123355,86.6350326538086,1696200,0.0,0.0,-1.0,94.91836624145508,94.69994064331054,93.5426129839383,36.8440734173418
2024-05-30 00:00:00-04:00,86.64469919367383,88.08603465359778,86.64469919367383,87.69910430908203,1724600,0.0,0.0,-1.0,94.75585327148437,94.41283401489258,92.9860883482377,35.00574079516885
2024-05-31 00:00:00-04:00,86.09331830249184,86.84784283262172,85.61932344796317,86.1223373413086,1962300,0.0,0.0,-1.0,94.27605209350585,94.05723968505859,92.33239777614922,32.85199008233214
2024-06-03 00:00:00-04:00,87.0606501892705,87.2444472568969,84.71001233895129,85.42584228515625,2041300,0.0,0.0,-1.0,93.56457252502442,93.69874313354492,91.67463058653084,29.643101174804045
2024-06-04 00:00:00-04:00,85.99658382046607,87.04131347621882,85.27107834511942,85.78376770019531,2323000,0.0,0.0,-1.0,92.92709503173828,93.37294296264649,91.11359602592745,31.54188648424109
2024-06-05 00:00:00-04:00,87.62171336977252,91.18152707503388,87.17673757914274,91.07511901855469,2889800,0.0,0.0,-1.0,92.79263496398926,93.1916633605957,91.1099315490348,42.87039643712544
2024-06-06 00:00:00-04:00,91.55649073472819,91.75097845052154,90.66183537130946,91.3133773803711,1414600,0.495,0.0,-1.0,92.68459777832031,93.0027668762207,91.12930734249541,31.911089737737456
2024-06-07 00:00:00-04:00,91.25502513024846,92.00381841643754,90.9438403334406,91.3133773803711,1568000,0.0,0.0,-1.0,92.48659782409668,92.82296340942383,91.1468378222931,29.948456738329483
2024-06-10 00:00:00-04:00,90.74934324150013,92.12050597963751,90.4867841103834,91.56620788574219,977100,0.0,0.0,-1.0,92.2993049621582,92.6524725341797,91.18677782833586,30.914686105590803
2024-06-11 00:00:00-04:00,90.92438833147969,91.14805586670295,89.73799405601349,90.13670349121094,812500,0.0,0.0,-1.0,91.99410438537598,92.54548263549805,91.08677074860968,37.02067467673336
2024-06-12 00:00:00-04:00,90.6326525822162,90.924391565627,89.85469432517162,90.36036682128906,1285900,0.0,0.0,-1.0,91.74119873046875,92.47895111083984,91.01758942219818,38.611017333696346
2024-06-13 00:00:00-04:00,89.85469212195974,90.92438933618645,89.35873883001422,89.68937683105469,943600,0.0,0.0,-1.0,91.44893951416016,92.40093460083008,90.89109298494643,44.6210177148004
2024-06-14 00:00:00-04:00,88.52243040910308,90.22422383207699,88.52243040910308,89.99083709716797,1351600,0.0,0.0,-1.0,90.9081527709961,92.34210311889649,90.80535432896752,58.58168750733499
2024-06-17 00:00:00-04:00,90.14642011939841,90.33118862501425,89.34900869090964,89.92276000976562,1286300,0.0,0.0,-1.0,90.32720336914062,92.26778671264648,90.72129772713878,56.222506227805894
2024-06-18 00:00:00-04:00,87.52080279113112,88.74609610759146,86.94705886739762,88.1334457397461,1248400,0.0,0.0,-1.0,89.66839599609375,92.15439529418946,90.47483563310138,55.3665366383621
2024-06-20 00:00:00-04:00,88.61967651524151,89.06700419319493,87.91951629272573,89.00865936279297,1255000,0.0,0.0,-1.0,89.33532943725587,91.98789199829102,90.33519979783392,54.75446290075253
2024-06-21 00:00:00-04:00,87.52080653061863,87.59860458370567,86.57752553982283,87.25824737548828,1764200,0.0,0.0,-1.0,88.94086036682128,91.80804901123047,90.04215670999147,54.07267717948382
2024-06-24 00:00:00-04:00,87.03457403676067,89.53377882685712,86.75256167750713,88.6585693359375,1759700,0.0,0.0,-1.0,88.79149627685547,91.70167755126953,89.9103864838911,61.033708380118696
2024-06-25 00:00:00-04:00,87.56941765685096,90.99244981388738,87.52079202692198,90.47705078125,2147100,0.0,0.0,-1.0,88.93909912109375,91.7284097290039,89.964354512211,64.56647568567983
2024-06-26 00:00:00-04:00,93.35552088126843,94.1140333013519,92.33444190393747,94.07513427734375,2495600,0.0,0.0,-1.0,89.23226585388184,91.82671676635742,90.35585734698554,60.40471757724064
2024-06-27 00:00:00-04:00,93.41387176513672,94.25990889890781,92.87902684361028,93.41387176513672,1787900,0.0,0.0,-1.0,89.57120780944824,91.94565521240234,90.64709681538089,57.07732108759739
2024-06-28 00:00:00-04:00,92.67480440627746,93.66670352867204,92.38306544245138,92.94709014892578,1954900,0.0,0.0,-1.0,89.83360710144044,92.06454452514649,90.86614379952803,55.33669949756759
2024-07-01 00:00:00-04:00,93.77367640263003,94.09458778725788,93.29717634072307,93.80284881591797,1624500,0.0,0.0,-1.0,90.2176326751709,92.15102127075195,91.14582999156518,57.029339648112206
2024-07-02 00:00:00-04:00,93.50139465222504,93.50139465222504,90.7882488119457,91.37171936035156,1305200,0.0,0.0,-1.0,90.51492652893066,92.16933486938477,91.16734326478293,53.65152723689768
2024-07-03 00:00:00-04:00,92.94709463604352,93.95844702843993,92.81095175814691,93.27772521972656,484300,0.0,0.0,-1.0,90.88962440490722,92.19926391601562,91.3683320223966,57.84519051644194
2024-07-05 00:00:00-04:00,90.6326435901494,91.56620527674897,88.75580844513307,89.42680358886719,2061700,0.0,0.0,-1.0,90.80720863342285,92.18719207763672,91.18342455253665,49.39702718423468
2024-07-08 00:00:00-04:00,88.86278328477043,89.66019472452636,88.11399747956784,89.2031478881836,1692700,0.0,0.0,-1.0,90.70169715881347,92.15226776123046,90.9948267749792,48.18466470347038
2024-07-09 00:00:00-04:00,89.90330180231093,91.50785118091625,89.55321803173415,90.9632797241211,1768700,0.0,0.0,-1.0,90.68419227600097,92.15061126708984,90.99182229394509,52.22452350280204
2024-07-10 00:00:00-04:00,88.50298048373399,89.05727859034485,87.60831777299684,87.647216796875,2025500,0.0,0.0,-1.0,90.48824272155761,92.0464552307129,90.67328843708127,49.024194034892055
2024-07-11 00:00:00-04:00,88.68774851379536,90.37982279838042,88.5321598253366,89.2906723022461,1210100,0.0,0.0,-1.0,90.44594116210938,91.96278625488281,90.54161070995411,50.54903792110632
2024-07-12 00:00:00-04:00,90.08807781179979,90.95356070035065,89.39763682313732,90.32146453857422,1239100,0.0,0.0,-1.0,90.44399604797363,91.9608689880371,90.52064440791793,56.13555302222235
2024-07-15 00:00:00-04:00,89.82551952416141,91.7509730219789,89.76716727749125,91.15777587890625,2050800,0.0,0.0,-1.0,90.51741600036621,91.96503723144531,90.58132359563109,55.121569579024914
2024-07-16 00:00:00-04:00,90.36036331754353,90.60347665454891,89.3392917536591,90.40898895263672,1207400,0.0,0.0,-1.0,90.53832359313965,91.85884979248047,90.56491077248877,49.8541270071231
2024-07-17 00:00:00-04:00,90.80769623019462,91.2647505173307,89.87414185229633,90.37982177734375,639100,0.0,0.0,-1.0,90.56117668151856,91.67333755493163,90.54728324914163,40.64961861180566
2024-07-18 00:00:00-04:00,90.61320820338068,90.65210722972897,89.66992721731887,90.01028442382812,1267700,0.0,0.0,-1.0,90.65501861572265,91.50287689208984,90.49614050387368,41.25873166717285
2024-07-19 00:00:00-04:00,88.7460932958802,89.34900961436523,88.11399714523577,88.83361053466797,1387600,0.0,0.0,-1.0,90.64626617431641,91.4042626953125,90.33780431633028,39.80721575969952
2024-07-22 00:00:00-04:00,90.57429976415679,91.89683684563234,90.57429976415679,90.90493774414062,1183900,0.0,0.0,-1.0,90.82860069274902,91.35287902832032,90.39181702374078,43.227267880558415
2024-07-23 00:00:00-04:00,88.84334605571591,90.80769872200737,88.38629175603802,90.77852630615234,1936800,0.0,0.0,-1.0,90.93459854125976,91.26298202514648,90.42864647920855,48.446263386442794
2024-07-24 00:00:00-04:00,92.79150027288996,93.53056692332696,91.30364778000602,91.82877349853516,1478700,0.0,0.0,-1.0,91.00218467712402,91.19331619262695,90.56199190962062,46.02667309371651
2024-07-25 00:00:00-04:00,92.78178710191271,94.19184163483857,92.62619098888946,92.8206787109375,1686900,0.0,0.0,-1.0,90.93946189880371,91.1249154663086,90.77710493831745,61.03737565515824
2024-07-26 00:00:00-04:00,89.73799343650288,90.64237534358774,88.70719526556559,90.0394515991211,1851800,0.0,0.0,-1.0,90.77074089050294,91.01733489990234,90.70685223934636,52.33187031247607
2024-07-29 00:00:00-04:00,88.2501339829782,88.96002813237119,87.97784825528653,88.66828918457031,1906300,0.0,0.0,-1.0,90.55680084228516,90.88000946044922,90.51270337698674,43.45898178006919
2024-07-30 00:00:00-04:00,88.54188042638204,89.66019584275503,87.36520534474096,89.12535095214844,2187600,0.0,0.0,-1.0,90.32292594909669,90.6463850402832,90.38057457462118,55.03312256127025
2024-07-31 00:00:00-04:00,90.55486527473082,91.1480624553432,89.11563094654895,89.57268524169922,1343600,0.0,0.0,-1.0,90.23297424316407,90.4070037841797,90.30363273339051,51.04542585180543
2024-08-01 00:00:00-04:00,88.90167700110035,89.57267213788111,88.3084799072683,88.59049224853516,1110600,0.0,0.0,-1.0,89.9986125946045,90.15262176513671,90.14047649673763,43.560057722810164
2024-08-02 00:00:00-04:00,87.3554952939766,87.66668010156309,86.86926856842076,87.49163818359375,1309200,0.0,0.0,-1.0,89.90185432434082,89.98905471801758,89.88820618120012,36.621780087686965
2024-08-05 00:00:00-04:00,85.08967098400178,86.06212436667609,84.24363387015215,85.4883804321289,2243400,0.0,0.0,-1.0,89.71611595153809,89.79586975097656,89.46917515747906,33.55011324450612
2024-08-06 00:00:00-04:00,83.9616203457906,85.03132498742607,83.64071637253038,84.28253173828125,2068600,0.0,0.0,-1.0,89.3820785522461,89.64860336303711,88.97520911755545,31.103098000085126
2024-08-07 00:00:00-04:00,85.1285698500486,86.22743949948783,84.90490230799134,85.3036117553711,1623600,0.0,0.0,-1.0,89.2648983001709,89.60417572021484,88.6255331782998,35.97917989589948
2024-08-08 00:00:00-04:00,85.4591930592727,87.25823759389262,85.18690732322187,87.14154052734375,1838500,0.0,0.0,-1.0,89.15744171142578,89.58277053833008,88.48420054487542,45.15050547501357
2024-08-09 00:00:00-04:00,87.3263162392755,88.12372771180137,86.74283827757765,87.87088775634766,1110100,0.0,0.0,-1.0,89.03491287231445,89.60748764038085,88.42578980311087,40.57974241566447
2024-08-12 00:00:00-04:00,87.97785382909643,87.98758043976726,87.07347193669246,87.08319854736328,1468600,0.0,0.0,-1.0,88.8311840057373,89.59516952514649,88.29792396923015,38.97913026066696
2024-08-13 00:00:00-04:00,87.1318178747425,87.33603218605656,86.54834735395512,87.00540161132812,1003700,0.0,0.0,-1.0,88.66100463867187,89.61283081054688,88.1748266018109,34.72909628551787
2024-08-14 00:00:00-04:00,84.64234143900119,85.81900911560439,84.59371580325488,85.2841567993164,1459800,0.0,0.0,-1.0,88.40622138977051,89.60999710083007,87.89952471585904,27.192500836960164
2024-08-15 00:00:00-04:00,86.28579086116822,87.7736433315123,86.10102234655044,87.58887481689453,1380000,0.0,0.0,-1.0,88.28515090942383,89.64609924316406,87.86993901119575,42.363671463037264
2024-08-16 00:00:00-04:00,86.45110102117768,87.91950760138964,86.37330297551202,87.43328094482422,1802600,0.0,0.0,-1.0,88.21513442993164,89.57326248168945,87.82835252868418,45.836100691895375
2024-08-19 00:00:00-04:00,87.71529316409357,90.38953999737973,87.71529316409357,90.00056457519531,1586500,0.0,0.0,-1.0,88.16991577148437,89.54700622558593,88.03522986644715,52.58324918865313
2024-08-20 00:00:00-04:00,88.53216034887946,88.89197078561617,87.37493840359532,87.73474884033203,1475200,0.0,0.0,-1.0,88.01772689819336,89.47543365478515,88.00661262586476,45.101096743283335
2024-08-21 00:00:00-04:00,88.36683807886273,90.1269762581191,88.075099107843,90.0394515991211,1435100,0.0,0.0,-1.0,87.92826080322266,89.44489852905274,88.20021633760345,53.60775782480611
2024-08-22 00:00:00-04:00,83.07670106829815,83.33926024335778,78.60341654548358,79.98429870605469,7253800,0.0,0.0,1.0,87.28644180297852,89.24185043334961,87.41774799174166,37.073009497114825
2024-08-23 00:00:00-04:00,80.10098207769278,80.24684413928603,78.40890797091116,79.8189697265625,3422900,0.0,0.0,1.0,86.77541770935059,89.03102249145508,86.69405482362936,39.57810965592241
2024-08-26 00:00:00-04:00,79.24522091153844,80.31491810590832,79.04100659964121,80.2176742553711,1872400,0.0,0.0,-1.0,86.35288696289062,88.8415884399414,86.07725667427144,42.299185703015894
2024-08-27 00:00:00-04:00,81.33600489546069,82.01671933382164,80.79143334477193,81.22903442382812,1328900,0.0,0.0,-1.0,85.95807113647462,88.66635238647461,85.61552122184827,42.27792768655208
2024-08-28 00:00:00-04:00,80.36354025419297,80.94701075133244,78.08800308958,78.15607452392578,1806600,0.0,0.0,-1.0,85.38724060058594,88.43101867675782,84.90509772680804,33.73241356753087
2024-08-29 00:00:00-04:00,78.95349117894317,79.25494934832294,78.25332356817559,78.3116683959961,1854100,0.0,0.0,-1.0,84.87329940795898,88.23458312988281,84.27715207625452,32.32650737551005
2024-08-30 00:00:00-04:00,79.55640798254984,79.55640798254984,77.97131165724463,78.22415161132812,1863200,0.0,0.0,-1.0,84.4099250793457,88.01889297485351,83.70067584149963,33.18569064948011
2024-09-03 00:00:00-04:00,76.7265736673084,76.7265736673084,75.43320888284002,75.85136413574219,2539800,0.0,0.0,-1.0,83.92807426452637,87.7907553100586,82.95312234571321,30.526328408467293
2024-09-04 00:00:00-04:00,76.82382139467944,78.01021577291473,76.72657753498807,77.36839294433594,1364800,0.0,0.0,-1.0,83.58236732482911,87.56495178222656,82.42124335510586,36.08072824783008
2024-09-05 00:00:00-04:00,77.68929295676352,77.70874617738535,76.18198738545452,76.40565490722656,1370400,0.0,0.0,-1.0,83.13746948242188,87.28352386474609,81.84833016959355,29.36109242350983
2024-09-06 00:00:00-04:00,76.29320208771856,76.5278956070723,75.48157791335991,75.86294555664062,1209300,0.435,0.0,-1.0,82.57353973388672,86.91928009033204,81.2782935397885,28.947472900483277
2024-09-09 00:00:00-04:00,75.56958214456607,76.22475143111613,75.37401167293585,75.8433837890625,812000,0.0,0.0,-1.0,81.97216453552247,86.56787033081055,80.7606830873384,21.608368968034966
2024-09-10 00:00:00-04:00,75.29577961292352,75.55980049256712,74.17123076296113,74.7286148071289,1815300,0.0,0.0,-1.0,81.35443534851075,86.20350082397461,80.18620039398512,22.65425991301926
2024-09-11 00:00:00-04:00,75.36422789904846,76.73324352734927,74.80684387059094,76.43988037109375,1524200,0.0,0.0,-1.0,80.82615928649902,85.85624145507812,79.8294080108526,20.67475007641741
2024-09-12 00:00:00-04:00,76.20520226434972,76.54745434195995,75.25666974887586,75.4718017578125,1020500,0.0,0.0,-1.0,80.33554153442383,85.53824310302734,79.41439789151545,33.99869492383809
2024-09-13 00:00:00-04:00,75.27623229353686,76.0389676369842,75.27623229353686,75.60870361328125,1022000,0.0,0.0,-1.0,79.73653297424316,85.18486267089844,79.05195081739791,35.04024523405995
2024-09-16 00:00:00-04:00,75.6575959178301,75.98028645780857,74.90463391663091,75.08065032958984,1393700,0.0,0.0,-1.0,79.11890144348145,84.89793960571289,78.67373172332096,31.913574542977415
2024-09-17 00:00:00-04:00,75.52069683841214,76.59634940446057,75.28600330868345,75.31533813476562,747100,0.0,0.0,-1.0,78.38464012145997,84.62018341064453,78.3538847148871,27.974489598748804
2024-09-18 00:00:00-04:00,75.57936410140852,76.27364898537006,74.94374886775668,75.0024185180664,505500,0.0,0.0,-1.0,77.74802360534667,84.30096618652344,78.03469745804703,35.214389139753564
2024-09-19 00:00:00-04:00,77.14395562352853,77.82845979299981,76.27365426782823,77.70133972167969,1199400,0.0,0.0,-1.0,77.13111801147461,84.10204864501954,78.00294910220254,47.68953858932954
2024-09-20 00:00:00-04:00,77.90668684634431,78.27828119912158,77.0755011244268,77.15373229980469,1172200,0.0,0.0,-1.0,76.98958969116211,83.85930984497071,77.92207131149799,46.08422234824973
2024-09-23 00:00:00-04:00,78.06314572390845,79.84286385162699,77.6426625006298,78.70853424072266,1530100,0.0,0.0,-1.0,76.93406791687012,83.62705123901367,77.99697254285272,61.11735512067167
2024-09-24 00:00:00-04:00,84.03791823474943,85.16245966246355,82.60045210860336,85.05490112304688,2755300,0.0,0.0,-1.0,77.17592926025391,83.50499374389648,78.66915621715692,71.73862196582878
2024-09-25 00:00:00-04:00,84.19437237158377,85.91542089491342,83.94012478664595,84.96688842773438,1798400,0.0,0.0,-1.0,77.36282196044922,83.39615173339844,79.26894023721192,75.47280057386203
2024-09-26 00:00:00-04:00,92.22266306429627,92.38890617600383,87.33332654369042,89.11304473876953,4529800,0.0,0.0,1.0,77.91067047119141,83.37081619262695,80.20647399926503,82.46283735916927
2024-09-27 00:00:00-04:00,90.95143554274357,92.7898232976899,90.5309523243659,91.50881958007812,3327100,0.0,0.0,1.0,78.57052803039551,83.40078689575195,81.28288786410437,84.3776725446744
2024-09-30 00:00:00-04:00,95.00959353476593,95.03892836103299,91.35236434240142,91.44037628173828,3249400,0.0,0.0,1.0,79.23133926391601,83.45292221069336,82.25026771340283,88.43906554795977
2024-10-01 00:00:00-04:00,91.57726999753356,94.54998735042187,90.736303560705,94.50109100341797,2423900,0.0,0.0,-1.0,80.1638256072998,83.5248452758789,83.41701278864238,89.1147962884449
2024-10-02 00:00:00-04:00,100.72032356945014,102.08933916832633,98.23653993761894,101.95243835449219,4519100,0.0,0.0,1.0,81.39302787780761,83.7483235168457,85.18229141396142,94.77511241283297
2024-10-03 00:00:00-04:00,99.48821050692052,101.77642371875899,99.05795399622167,99.21440887451172,2542200,0.0,0.0,-1.0,82.53346557617188,83.89603622436523,86.51868355306145,86.68690937522454
2024-10-04 00:00:00-04:00,100.72033195955026,101.02346843535815,98.3734489460556,100.0651626586914,1439600,0.0,0.0,-1.0,83.74357643127442,84.04092590332031,87.8088244202643,88.44417302712952
2024-10-07 00:00:00-04:00,99.59577750622059,100.55409068987083,95.68430852248656,97.34668731689453,3046600,0.0,0.0,-1.0,84.81874160766601,84.18707061767579,88.71719231518148,81.4928591510987
2024-10-08 00:00:00-04:00,91.47949103835023,93.55256498808384,90.94166102655956,92.34001159667969,2327800,0.0,0.0,-1.0,85.69931144714356,84.26050506591797,89.0622227229432,71.85112633918467
2024-10-09 00:00:00-04:00,86.91284338834939,88.27207834554635,85.4753847167542,87.1084213256836,2897800,0.0,0.0,-1.0,86.23273849487305,84.22016647338867,88.87614639939467,61.144576843127474
2024-10-10 00:00:00-04:00,86.80526983220521,87.38221537145301,85.1526793036557,86.14031982421875,1772700,0.0,0.0,-1.0,86.76616439819335,84.15151916503906,88.61559148747315,60.54139126425458
2024-10-11 00:00:00-04:00,85.00599970292275,86.92261860327368,84.63441283650425,86.39456939697266,1258000,0.0,0.0,-1.0,87.30545768737792,84.10760070800781,88.40406557409216,59.2995674336427
2024-10-14 00:00:00-04:00,83.50986954513789,85.06467498286679,82.87425430321264,83.12850189208984,1876200,0.0,0.0,-1.0,87.70785026550293,84.02033798217774,87.90163093771099,47.48146184274599
2024-10-15 00:00:00-04:00,81.61280545722695,82.68845801481719,79.96020730259329,80.23401641845703,2100200,0.0,0.0,-1.0,87.9537841796875,83.9152507019043,87.17138193587729,44.23535656399385
2024-10-16 00:00:00-04:00,81.1629858985751,81.54435354872557,79.94065177359656,80.0482177734375,1484900,0.0,0.0,-1.0,88.20607414245606,83.83056442260742,86.49298534897827,37.780125462637564
2024-10-17 00:00:00-04:00,78.22938343528665,78.70853631987788,77.49598296558084,77.96536254882812,1937600,0.0,0.0,-1.0,88.21927528381347,83.68379943847657,85.68083079658302,31.58735005742129
2024-10-18 00:00:00-04:00,82.33642009043757,82.69823366147511,80.42958192268522,80.59581756591797,1827000,0.0,0.0,-1.0,88.39137954711914,83.55288497924805,85.19654382223398,36.21673984547119
2024-10-21 00:00:00-04:00,78.6694246507119,79.78419282333847,78.6694246507119,79.49083709716797,1231400,0.0,0.0,-1.0,88.43049468994141,83.38528396606445,84.6531431817515,29.924154761511176
2024-10-22 00:00:00-04:00,78.71831158224734,79.68639804567553,78.52274112153646,79.2463607788086,1066500,0.0,0.0,-1.0,88.14006767272949,83.22854721069336,84.13821152432837,12.378497122511519
2024-10-23 00:00:00-04:00,79.2463687260402,79.2463687260402,77.95558415851119,78.27828216552734,1338400,0.0,0.0,-1.0,87.80563735961914,83.05400482177734,83.58012301396637,13.149761183960322
2024-10-24 00:00:00-04:00,77.76000513493955,77.99469866070291,76.54745176063756,77.14395141601562,887600,0.0,0.0,-1.0,87.20718269348144,82.89120071411133,82.96715429035201,10.054521468609394
2024-10-25 00:00:00-04:00,77.86756980422108,78.83566379523532,77.0657189229136,77.97513580322266,1159500,0.0,0.0,-1.0,86.53049850463867,82.69892593383788,82.49172395824446,13.863535056413497
2024-10-28 00:00:00-04:00,78.13159305641322,79.84286070644497,77.84801066485807,79.28547668457031,1131700,0.0,0.0,-1.0,85.92275352478028,82.53596984863282,82.1863670750374,21.75198436282473
2024-10-29 00:00:00-04:00,81.23143205275095,81.35855210929194,80.2046684573809,80.49803161621094,1233100,0.0,0.0,-1.0,85.22260055541992,82.34591918945313,82.02557322181582,32.684399077979634
2024-10-30 00:00:00-04:00,78.69876248777929,79.58861783887598,78.23916366951092,78.91388702392578,895500,0.0,0.0,-1.0,84.0706729888916,82.169501953125,81.7292221553501,31.66252556005611
2024-10-31 00:00:00-04:00,78.72809600830078,78.97256282583696,78.06314596618097,78.72809600830078,1011900,0.0,0.0,-1.0,83.04635734558106,81.9432748413086,81.44340061753587,30.478072169314643
2024-11-01 00:00:00-04:00,78.56185784457311,78.56185784457311,77.34930444226369,77.36886596679688,933300,0.0,0.0,-1.0,81.91154251098632,81.89096618652344,81.05534969841788,33.756186694105224
2024-11-04 00:00:00-05:00,78.08270430004535,79.07035238586538,77.2417378048775,77.29063415527344,1358700,0.0,0.0,-1.0,80.90873985290527,81.84039947509766,80.69680536097555,40.131126237782055
2024-11-05 00:00:00-05:00,78.1218131132876,79.05078400596213,77.82844995742461,78.4053955078125,1257100,0.0,0.0,-1.0,80.21200904846191,81.80415390014649,80.4785758511505,44.81478698842111
2024-11-06 00:00:00-05:00,77.83822936574215,78.83565810991058,76.45944046243676,78.22937774658203,1010200,0.0,0.0,-1.0,79.76805686950684,81.74416076660157,80.26436650785826,50.947338336528084
2024-11-07 00:00:00-05:00,79.7450761214893,80.11666298556999,78.65964289212198,79.36370849609375,1888800,0.0,0.0,-1.0,79.42922630310059,81.76831344604493,80.17858955435686,45.047177478466054
2024-11-08 00:00:00-05:00,74.98286501671677,75.53046831847226,74.49393136571067,75.06109619140625,2541000,0.0,0.0,-1.0,78.86255264282227,81.70330200195312,79.69120923407586,35.834878867678356
2024-11-11 00:00:00-05:00,75.78471458043049,76.08785105138091,75.30556169977507,75.89228057861328,1267100,0.0,0.0,-1.0,78.50074157714843,81.65666458129883,79.32940650498418,39.662445669911975
2024-11-12 00:00:00-05:00,76.11718469493525,76.85058514723477,75.27622570665753,76.73324584960938,1743700,0.0,0.0,-1.0,78.32570304870606,81.67430221557618,79.0821531092342,45.20046281615382
2024-11-13 00:00:00-05:00,75.64781911406781,75.85317036317551,74.20057214728658,74.59172058105469,1662200,0.0,0.0,-1.0,78.05287818908691,81.61876876831055,78.6544928684552,42.538591109992915
2024-11-14 00:00:00-05:00,79.23658104506245,82.73734754513937,79.09968022868269,82.3559799194336,3088775,0.0,0.0,-1.0,78.27240905761718,81.73777526855469,79.00701544473885,59.113108010309666
2024-11-15 00:00:00-05:00,84.06724943994666,84.86910029381018,81.58346570711699,83.59786987304688,2041900,0.0,0.0,-1.0,78.42251167297363,81.89247375488281,79.44423967600629,58.99633547118736
2024-11-18 00:00:00-05:00,85.27002752558334,87.27465852063571,85.12335339565782,86.30657196044922,2003500,0.0,0.0,-1.0,78.7632984161377,82.10173751831054,80.09779513166751,61.40555511777877
2024-11-19 00:00:00-05:00,84.22370580811516,84.80065138051587,83.56853652363004,83.7836685180664,1532800,0.0,0.0,-1.0,78.99016380310059,82.2828385925293,80.44883069227693,59.222230955413714
2024-11-20 00:00:00-05:00,84.62463353376741,85.67095120302798,83.94990273733022,85.59272003173828,1641300,0.0,0.0,-1.0,79.35588569641114,82.46589538574219,80.93872491508277,62.24703134442939
2024-11-21 00:00:00-05:00,85.55360514200167,86.8835052226037,85.40692355977413,86.67815399169922,1228400,0.0,0.0,-1.0,79.83259582519531,82.69002243041992,81.48533720809387,66.77236217361792
2024-11-22 00:00:00-05:00,85.58293875673313,86.21855396371205,84.44861662197842,84.53662109375,1991100,0.0,0.0,-1.0,80.16067008972168,82.86858078002929,81.77593567339444,62.15151023533151
2024-11-25 00:00:00-05:00,84.25304600754731,84.70286404817197,83.4707492217874,83.5098648071289,1634400,0.0,0.0,-1.0,80.37188949584962,83.03716506958008,81.94107178136916,58.585529870015876
2024-11-26 00:00:00-05:00,84.17481323403622,84.56596161946806,83.08938000821696,84.30193328857422,1155600,0.0,0.0,-1.0,80.56208457946778,83.21689697265624,82.16591573443631,60.00644683398598
2024-11-27 00:00:00-05:00,85.12334825786748,85.71984788534704,84.20415064295764,84.6441879272461,724400,0.0,0.0,-1.0,80.84859962463379,83.40973236083984,82.40194165756105,58.93447674312032
2024-11-29 00:00:00-05:00,85.1503375485354,86.48695472135923,84.46237613526596,85.97589874267578,607600,0.435,0.0,-1.0,81.21098976135254,83.57522354125976,82.74231852281008,70.53179962255216
2024-12-02 00:00:00-05:00,86.97835422281008,87.50907050429458,86.31004566444626,87.34199523925781,1237900,0.0,0.0,-1.0,81.70964622497559,83.77898880004882,83.18038297199558,71.11313134894206
2024-12-03 00:00:00-05:00,87.17491450404341,88.44273551182602,87.0078392351198,87.82357025146484,1243800,0.0,0.0,-1.0,82.23629302978516,83.96128952026368,83.62259128432599,70.72511549272
2024-12-04 00:00:00-05:00,89.46485242036535,89.91694239902861,88.62946860113504,89.2289810180664,2265800,0.0,0.0,-1.0,82.77747230529785,84.04477111816406,84.15653316372985,78.12732465861512
2024-12-05 00:00:00-05:00,89.56313111157522,89.80883267475674,88.45256274535267,88.8063735961914,2226800,0.0,0.0,-1.0,83.30632209777832,84.12156082153321,84.59937510967856,67.26736220887344
2024-12-06 00:00:00-05:00,90.35920824707725,90.63439279499521,89.66141671536629,89.72038269042969,1100000,0.0,0.0,-1.0,83.82415580749512,84.13370758056641,85.08709011736914,66.68249357845922
2024-12-09 00:00:00-05:00,98.28062796507135,100.63936453587642,97.29782168542063,99.22412109375,3078800,0.0,0.0,-1.0,85.03230705261231,84.28801361083984,86.43347401988161,75.68596633619808
2024-12-10 00:00:00-05:00,95.79412783611419,95.79412783611419,94.15284317336152,94.82115173339844,1305300,0.0,0.0,-1.0,85.97875061035157,84.35562911987304,87.23230046878797,70.42071294254018
2024-12-11 00:00:00-05:00,94.23145831549955,95.31255116342966,93.80885133809501,95.23392486572266,936100,0.0,0.0,-1.0,86.90378456115722,84.37028579711914,87.9943599351627,68.8092173339414
2024-12-12 00:00:00-05:00,94.31009030111619,95.51894533206475,94.20198100980303,94.62458801269531,706100,0.0,0.0,-1.0,87.90542793273926,84.2237287902832,88.62581022826106,65.79629602106021
2024-12-13 00:00:00-05:00,92.34447394287423,93.98575857356238,92.1675685187259,93.80885314941406,1277200,0.0,0.0,-1.0,88.47807159423829,84.11561767578125,89.11943336360896,69.45737158900027
2024-12-16 00:00:00-05:00,91.42063261501248,92.9538154393017,91.33218365306976,91.7351303100586,1040100,0.0,0.0,-1.0,88.88493461608887,83.9490170288086,89.36854735850893,66.53385623224466
2024-12-17 00:00:00-05:00,91.41081413665341,92.70811812539307,91.0471731139565,92.02014923095703,1320700,0.0,0.0,-1.0,89.17061347961426,83.84248626708984,89.62108087017066,65.83746265450904
2024-12-18 00:00:00-05:00,91.84323948999614,92.07911838467166,89.47468036714072,89.8284912109375,956100,0.0,0.0,-1.0,89.47285461425781,83.792255859375,89.64083423595798,59.88753375427903
2024-12-19 00:00:00-05:00,90.60490884980372,91.14544777801025,90.09384541060079,90.23143768310547,716800,0.0,0.0,-1.0,89.70479049682618,83.85471618652343,89.69708218330537,58.41428078356408
2024-12-20 00:00:00-05:00,90.22161510557619,91.30270046123702,89.91694007483963,90.50662231445312,642400,0.0,0.0,-1.0,89.89621391296387,83.94204223632812,89.77418124341467,56.53938126594667
2024-12-23 00:00:00-05:00,91.13562541945343,91.68599451131428,90.14298902316169,90.78181457519531,799400,0.0,0.0,-1.0,90.20847358703614,84.02978713989258,89.87014632263188,56.165500116554306
2024-12-24 00:00:00-05:00,91.34201347040697,91.5778848662478,90.54593532484235,90.63439178466797,236200,0.0,0.0,-1.0,90.56469993591308,84.17990493774414,89.94293160473056,53.091217860295274
2024-12-26 00:00:00-05:00,90.32973046416792,91.05700502531474,89.89729329354265,90.72284698486328,357600,0.0,0.0,-1.0,90.88574562072753,84.38968154907226,90.0172092599813,54.278193265689566
2024-12-27 00:00:00-05:00,90.2117796361771,90.408337871745,89.4353618587166,89.90711212158203,459500,0.0,0.0,-1.0,91.14889183044434,84.58685943603516,90.00672381822898,50.41867794591041
2024-12-30 00:00:00-05:00,88.74740361969093,88.95379202367336,87.4992355359953,87.7154541015625,701600,0.0,0.0,-1.0,91.23586959838867,84.78186126708984,89.78850765473693,11.606571096095564
2024-12-31 00:00:00-05:00,87.49923441636223,88.2658220494067,87.16508390891872,87.67613983154297,611200,0.0,0.0,-1.0,91.25257682800293,84.92346771240234,89.5873297668137,16.373734406967458
2025-01-02 00:00:00-05:00,86.98818810232667,88.29531478853946,86.16262690755418,86.25108337402344,767300,0.0,0.0,-1.0,91.17395248413087,85.05867263793945,89.26959201511939,11.402094529871604
2025-01-03 00:00:00-05:00,86.81127705567756,87.59751754944416,86.48694919661827,86.73265075683594,685400,0.0,0.0,-1.0,91.04913597106933,85.2083984375,89.02797856194954,15.713069718601176
2025-01-06 00:00:00-05:00,88.34445545597232,89.16018646375815,86.22159780113927,86.70317077636719,1209100,0.0,0.0,-1.0,90.94397583007813,85.37689620971679,88.80656829665598,16.865280402559264
2025-01-07 00:00:00-05:00,87.53855782105657,89.3469253323739,87.49924466883041,88.17738342285156,1190200,0.0,0.0,-1.0,90.86682586669922,85.59756484985351,88.74664592772223,32.42723817462537
2025-01-08 00:00:00-05:00,89.51399487656604,90.70318953698165,88.70809405305229,90.693359375,1065700,0.0,0.0,-1.0,90.44028778076172,85.85192932128906,88.93204720841536,44.630059070739755
2025-01-10 00:00:00-05:00,91.9906654338693,92.0692917350939,88.71791875300883,89.5434799194336,1732600,0.0,0.0,-1.0,90.17640419006348,86.05708938598633,88.990278895179,48.74023485580668
2025-01-13 00:00:00-05:00,93.06193088452068,94.26095576943776,91.63685725153849,92.6294937133789,2423700,0.0,0.0,-1.0,90.04618263244629,86.29971862792969,89.3368707826266,58.56745523808693
2025-01-14 00:00:00-05:00,93.85798965967959,94.49681517271328,92.87518348523268,94.37887573242188,1409700,0.0,0.0,-1.0,90.03389701843261,86.60901840209961,89.81706173022616,62.51589318987294
2025-01-15 00:00:00-05:00,97.9857808806364,102.99809879282668,97.5435210640157,102.13322448730469,3088775,0.0,0.0,-1.0,90.45011558532715,87.07712097167969,90.99002961185269,74.73235533291266
2025-01-16 00:00:00-05:00,98.42804680047085,98.70323134897619,96.90469412353787,97.60248565673828,2095700,0.0,0.0,-1.0,90.74348335266113,87.48179336547851,91.61978733041322,62.74722004803436
2025-01-17 00:00:00-05:00,97.90716175257585,98.15286331615047,95.96120206984946,98.04475402832031,1599400,0.0,0.0,-1.0,91.04471359252929,87.89687576293946,92.23168892069009,63.223298209799296
2025-01-21 00:00:00-05:00,98.87030715561735,99.65655515415061,96.58036679573964,98.9784164428711,1810500,0.0,0.0,-1.0,91.50220985412598,88.30833618164063,92.87423439899304,66.31320748089877
2025-01-22 00:00:00-05:00,98.36907530782557,98.58529388549542,97.13074481461653,97.80887603759766,930200,0.0,0.0,-1.0,91.88108177185059,88.69992614746094,93.34420026933633,68.84406077320523
2025-01-23 00:00:00-05:00,98.0644020051682,98.42804300063557,96.82606408648391,97.74007415771484,1015000,0.0,0.0,-1.0,92.24275436401368,89.06745346069336,93.76285492537238,68.76834363356043
2025-01-24 00:00:00-05:00,100.12829375474831,102.04477035895397,99.34205328741106,101.40594482421875,1196200,0.0,0.0,-1.0,92.77396087646484,89.5943504333496,94.49076824907205,76.0825343302161
2025-01-27 00:00:00-05:00,100.18727511418433,101.56319791491096,99.5484495291516,100.19709777832031,991600,0.0,0.0,-1.0,93.25209617614746,90.08044677734375,95.03422820423856,72.60726850509172
2025-01-28 00:00:00-05:00,100.3838244519705,101.68112833324817,98.37889890850207,101.64181518554688,1033200,0.0,0.0,-1.0,93.79804458618165,90.5786181640625,95.6635222024584,73.94454072620744
2025-01-29 00:00:00-05:00,101.80889301601839,102.0349417464672,99.10617590344289,99.15531921386719,755400,0.0,0.0,-1.0,94.2604549407959,91.06989013671875,95.99607429878304,67.04302104337543
2025-01-30 00:00:00-05:00,99.31257144142424,103.76468241432597,99.31257144142424,103.07671356201172,1019300,0.0,0.0,-1.0,95.02851791381836,91.48430480957032,96.67042089528101,68.42105263157895
2025-01-31 00:00:00-05:00,102.76221701632304,103.07671471001565,100.40348806273663,101.08161926269531,1233900,0.0,0.0,-1.0,95.69879188537598,91.83397979736328,97.09053502551095,66.7427233059463
2025-02-03 00:00:00-05:00,99.31257231844903,102.91946937490208,98.85065219166853,101.88751983642578,1126900,0.0,0.0,-1.0,96.4806137084961,92.14559875488281,97.54739072178855,64.3860645802549
2025-02-04 00:00:00-05:00,100.3248622387902,101.72044529250674,99.31257301675332,99.46981811523438,1280200,0.0,0.0,-1.0,97.11747207641602,92.45932174682618,97.73047904497386,57.74986005003356
2025-02-05 00:00:00-05:00,100.5312522802454,100.73764069309891,98.91945062901314,99.5287857055664,1042100,0.0,0.0,-1.0,97.75875282287598,92.73804306030273,97.90174634598267,44.82218961486272
2025-02-06 00:00:00-05:00,101.71061698510356,102.31012939906475,100.91454631990317,101.43543243408203,797300,0.0,0.0,-1.0,98.4216552734375,93.03318862915039,98.23828787818262,58.50786244680808
2025-02-07 00:00:00-05:00,103.68606329973333,103.97107802280773,101.58285844497999,102.3789291381836,697100,0.0,0.0,-1.0,99.00593376159668,93.39003479003907,98.63263466484938,59.41101572354238
2025-02-10 00:00:00-05:00,104.28557381910483,104.66886766421503,102.4673837208252,103.12586212158203,1131300,0.0,0.0,-1.0,99.6850528717041,93.78235473632813,99.06056108930011,59.07918461802603
2025-02-11 00:00:00-05:00,102.06442970037891,104.33471728421256,101.7794149821239,103.67623138427734,1117300,0.0,0.0,-1.0,100.23738975524903,94.16984069824218,99.5001487364408,63.20213473818076
2025-02-12 00:00:00-05:00,104.22660579779388,108.25610992260958,103.81382147420466,107.26347351074219,1561300,0.0,0.0,-1.0,100.88161964416504,94.62222640991212,100.23951300066,68.49945357556025
2025-02-13 00:00:00-05:00,103.06689278453696,103.31259434381316,100.1774400480196,103.00791931152344,1903700,0.0,0.0,-1.0,100.92535438537598,94.96286682128907,100.50317074455175,53.042182621944335
2025-02-14 00:00:00-05:00,103.6565731778552,104.27573839682695,101.3764630483794,101.72044372558594,1496700,0.0,0.0,-1.0,101.13125228881836,95.25043579101562,100.61910150465025,52.88425203128954
2025-02-18 00:00:00-05:00,103.75485682665737,104.12832050702941,101.94649690289795,102.83101654052734,2193000,0.0,0.0,-1.0,101.37056541442871,95.55058471679688,100.82976007949568,52.28044877750178
2025-02-19 00:00:00-05:00,102.0939144151092,102.58531755870983,100.73764443812955,102.3789291381836,1040300,0.0,0.0,-1.0,101.54059104919433,95.81358367919921,100.97729998984693,56.704836749662086
2025-02-20 00:00:00-05:00,97.41575115410824,100.84574261904557,96.67864651991671,99.67620086669922,2009800,0.0,0.0,-1.0,101.63395729064942,96.03098022460938,100.85338578764238,42.54952252701624
2025-02-21 00:00:00-05:00,101.69096064891403,102.49686144832184,100.13812502379136,101.44525909423828,1507200,0.0,0.0,-1.0,101.81921653747558,96.26547775268554,100.90975467398485,50.80470039712487
2025-02-24 00:00:00-05:00,98.77202348301266,98.8703026037505,95.05701723232141,97.18970489501953,2495800,0.0,0.0,-1.0,101.60840454101563,96.22478942871093,100.5554642188453,40.98113771314911
2025-02-25 00:00:00-05:00,97.88750107578474,98.58529261403643,96.97349096265177,97.89733123779297,1170800,0.0,0.0,-1.0,101.49341621398926,96.28631301879882,100.30230869684033,46.76899258734862
2025-02-26 00:00:00-05:00,100.47228630463485,101.62216781834019,98.82117150359002,99.5287857055664,1382800,0.0,0.0,-1.0,101.38776473999023,96.3722102355957,100.22863984052852,50.0
2025-02-27 00:00:00-05:00,98.9587640313132,99.33222770816054,97.1995399383494,98.72288513183594,1016600,0.0,0.0,-1.0,101.36614303588867,96.45417617797851,100.08523463017684,44.532489137685886
2025-02-28 00:00:00-05:00,97.98577943443817,99.44033597339181,96.9145242286397,98.00543975830078,1529900,0.0,0.0,-1.0,101.11257934570312,96.53810791015626,99.8871589280934,41.103561728874055
2025-03-03 00:00:00-05:00,96.63933428398404,98.37889793785965,94.85062732141265,94.96855926513672,1322000,0.0,0.0,-1.0,100.80692634582519,96.6027764892578,99.41872086495468,34.82076993711914
2025-03-04 00:00:00-05:00,97.84818851563008,99.9219103170822,96.89486524693584,98.87030792236328,1824500,0.0,0.0,-1.0,100.65606575012207,96.73977966308594,99.36649106089835,42.04878861548482
2025-03-05 00:00:00-05:00,100.23640254771465,101.92683041664398,100.04967446792567,101.38629150390625,1671200,0.0,0.0,-1.0,100.75188941955567,96.97093566894532,99.55885300785148,39.91909458803724
2025-03-06 00:00:00-05:00,103.59423889881852,104.59874742943522,101.16748979223519,101.43601989746094,2439200,1.22,0.0,-1.0,100.8472511291504,97.19502731323242,99.7376308068619,46.84917412246306
2025-03-07 00:00:00-05:00,102.44053169709863,103.13672645014985,100.212700899381,102.22172546386719,1693800,0.0,0.0,-1.0,100.88656578063964,97.4293293762207,99.9742112503862,51.025431653912754
2025-03-10 00:00:00-04:00,102.6891773165885,103.47488718675659,101.50563860750628,101.84379577636719,1958200,0.0,0.0,-1.0,100.85980911254883,97.65056900024415,100.15226691952725,47.91811937786687
2025-03-11 00:00:00-04:00,103.70363458566064,105.35462162630995,103.14667875891342,103.85282135009766,1773800,0.0,0.0,-1.0,100.8961570739746,97.91493759155273,100.50470067481967,52.91666138247691
2025-03-12 00:00:00-04:00,103.93238478017224,104.42966891787641,102.36096508391815,104.31031799316406,1090700,0.0,0.0,-1.0,100.92786140441895,98.18668701171875,100.86714041942389,60.06474278694235
2025-03-13 00:00:00-04:00,103.30580944949476,103.71357849648348,102.52009960173913,102.97760009765625,819400,0.0,0.0,-1.0,100.71356773376465,98.44809677124023,101.06813657925554,53.39235688972049
2025-03-14 00:00:00-04:00,103.43510183385999,103.93238597729201,101.47580109466523,102.24162292480469,870100,0.0,0.0,-1.0,100.67525291442871,98.73862014770508,101.17989718359354,63.24876379018707
2025-03-17 00:00:00-04:00,100.6503100213466,101.98303550360194,99.95411523894353,101.43601989746094,2458300,0.0,0.0,-1.0,100.66103172302246,99.01381774902343,101.20428982300947,59.232840368960886
2025-03-18 00:00:00-04:00,101.44596654335503,101.47580237826574,99.29769537433668,99.92427825927734,1359500,0.0,0.0,-1.0,100.51569480895996,99.28728164672852,101.0823839597969,51.038371552649714
2025-03-19 00:00:00-04:00,101.94325223461671,102.41070055649688,100.90890027699879,101.35646057128906,1122200,0.0,0.0,-1.0,100.46457138061524,99.57975784301757,101.10848649422473,56.694339634350676
2025-03-20 00:00:00-04:00,99.40709870844451,100.14308471494579,98.89987433796196,99.42699432373047,1036600,0.0,0.0,-1.0,100.4521110534668,99.83423431396484,100.9483443827491,53.40374926472469
2025-03-21 00:00:00-04:00,96.14491685135599,97.15938077833772,95.67746853087951,96.52285766601562,1666000,0.0,0.0,-1.0,100.20599098205567,100.00114379882812,100.52686945734591,53.74539788084661
2025-03-24 00:00:00-04:00,99.23802027389983,100.55085008026467,99.05899768267038,99.38720703125,1399700,0.0,0.0,-1.0,100.31586608886718,100.17502075195313,100.41833017867012,51.31112510484008
2025-03-25 00:00:00-04:00,99.1584585441153,99.75520560693172,98.41253230354887,99.1982421875,697800,0.0,0.0,-1.0,100.38091163635254,100.36811599731445,100.3021313223682,43.70708608893707
2025-03-26 00:00:00-04:00,99.75520211665665,100.95862883211001,99.39715692667586,100.24253845214844,772900,0.0,0.0,-1.0,100.41659927368164,100.52037689208984,100.2964558109187,46.75324297959777
2025-03-27 00:00:00-04:00,100.3221092693535,101.92336487317462,100.19281053133491,101.19732666015625,561200,0.0,0.0,-1.0,100.54032135009766,100.65674591064453,100.3822530346556,47.2386200792033
2025-03-28 00:00:00-04:00,100.45139813652496,100.97851812059449,99.91433034484452,100.17292022705078,743400,0.0,0.0,-1.0,100.64869537353516,100.61753982543945,100.36231657678849,45.64766268923789
2025-03-31 00:00:00-04:00,100.64037060129372,102.64939526644568,99.95411603321885,102.36096954345703,990200,0.0,0.0,-1.0,101.01831588745117,100.71270950317383,100.55266447837596,46.14989611768393
2025-04-01 00:00:00-04:00,104.90706928873662,105.82207031815886,104.23076253047797,105.7723388671875,1251900,0.0,0.0,-1.0,101.36341743469238,100.86726119995117,101.04977632492944,53.27395576136257
2025-04-02 00:00:00-04:00,104.65842418599128,106.09059735954861,104.0318413088532,105.82206726074219,650700,0.0,0.0,-1.0,101.58520622253418,101.0041342163086,101.50428022357828,56.75804029701082
2025-04-03 00:00:00-04:00,104.42966678434769,105.41428723225881,103.753360067369,104.3699951171875,1093200,0.0,0.0,-1.0,101.73190498352051,101.1353565979004,101.77720545154106,54.890301716733084
2025-04-04 00:00:00-04:00,98.44237186052494,99.66568659775136,96.40350384787583,98.3230209350586,3078200,0.0,0.0,-1.0,101.53696975708007,101.14701553344726,101.44823549759036,44.23572624336905
2025-04-07 00:00:00-04:00,89.12326602347362,95.19013113952046,88.73538499327736,91.84838104248047,4200500,0.0,0.0,1.0,101.03719902038574,100.9558642578125,100.53396364472276,37.36776130061492
2025-04-08 00:00:00-04:00,94.22540103295846,95.0807303999222,89.41169397977097,90.87371063232422,2985500,0.0,0.0,-1.0,100.38824348449707,100.76939651489258,99.61393954830385,33.36489253124542
2025-04-09 00:00:00-04:00,90.78419209993824,93.36012791117915,88.05907711588445,93.25072479248047,4958300,0.0,0.0,1.0,99.83526382446288,100.60157470703125,99.0079190953683,40.33612783295842
2025-04-10 00:00:00-04:00,94.06627393725054,95.80676850484673,92.51474219147026,93.78779602050781,1913600,0.0,0.0,-1.0,99.37577362060547,100.49422424316407,98.51076451681016,45.3781512605042
2025-04-11 00:00:00-04:00,95.00115784364688,99.14851329778637,94.50387370847966,98.81035614013672,2376000,0.0,0.0,-1.0,99.20421028137207,100.40889709472657,98.53929705236506,49.09147624985851
2025-04-14 00:00:00-04:00,99.1186823819483,100.26242987922188,97.82574053117716,98.78052520751953,1435500,0.0,0.0,-1.0,99.071435546875,100.36287521362304,98.56227116237977,49.33879325149092
2025-04-15 00:00:00-04:00,97.16931871996368,98.22356626524267,96.1548624047202,97.49752807617188,874000,0.0,0.0,-1.0,98.95009803771973,100.27507537841797,98.4608670589314,45.68749520558453
2025-04-16 00:00:00-04:00,96.86100190758575,98.29318262529918,96.35376997206995,96.88089752197266,1061500,0.0,0.0,-1.0,98.7263198852539,100.22329696655274,98.31039376969723,43.145917192709724
2025-04-17 00:00:00-04:00,101.19732619211314,102.31124543812714,98.17383759975006,98.19373321533203,1353000,0.0,0.0,-1.0,98.66465682983399,100.19659591674805,98.29928324071005,46.885763800353516
2025-04-21 00:00:00-04:00,97.83568699050115,99.13856904318413,97.82573918281426,99.09878540039062,926300,0.0,0.0,-1.0,98.79345321655273,100.14986297607422,98.37542630353677,44.651007784405515
2025-04-22 00:00:00-04:00,100.81939207289022,102.54993880348393,100.28232427623273,101.51558685302734,4620900,0.0,0.0,1.0,98.89987220764161,100.1325961303711,98.67448921301207,42.78489177615695
2025-04-23 00:00:00-04:00,102.04270371522054,103.92243715194655,100.95862793537437,103.14667510986328,1912600,0.0,0.0,-1.0,99.09729385375977,100.13301239013671,99.10041167937884,45.69599157925538
2025-04-24 00:00:00-04:00,103.40526712990682,105.53364268003011,102.89803517343327,105.33473205566406,2663600,0.0,0.0,-1.0,99.35190353393554,100.16618240356445,99.69415647712029,51.51610851811993
2025-04-25 00:00:00-04:00,105.09602563620696,106.21989262012826,104.64847295684508,105.28499603271484,712800,0.0,0.0,-1.0,99.55628700256348,100.12661285400391,100.22661738717692,63.48227883785155
2025-04-28 00:00:00-04:00,104.62858003211639,105.41428988395568,104.00200474731209,104.64847564697266,2576800,0.0,0.0,-1.0,99.78006477355957,100.15942398071289,100.6477467452527,82.03088129054133
2025-04-29 00:00:00-04:00,104.92695066387066,105.86184724958963,104.64847276717656,105.78227996826172,662500,0.0,0.0,-1.0,99.95113029479981,100.24066070556641,101.13674990934881,87.01233810265211
2025-04-30 00:00:00-04:00,105.32478222059537,106.57794037624969,105.26510296407122,106.47847747802734,549300,0.0,0.0,-1.0,99.9864372253418,100.31360992431641,101.64548586827057,85.82973545577111
2025-05-01 00:00:00-04:00,106.47848156959753,107.10506446547882,106.04087667000964,106.19005584716797,464800,0.0,0.0,-1.0,100.00483665466308,100.38983245849609,102.07830205673699,84.05243473623219
2025-05-02 00:00:00-04:00,108.40794155209282,108.97484516311314,107.77141846561226,108.46761322021484,599000,0.0,0.0,-1.0,100.20971755981445,100.5656607055664,102.68680788183012,81.2218748180897
2025-05-05 00:00:00-04:00,108.11951467293511,110.05892733340488,107.80125313313877,109.20359802246094,696800,0.0,0.0,-1.0,100.75374641418458,100.72082748413087,103.3074545618902,82.2263056959741
2025-05-06 00:00:00-04:00,108.13941090435358,109.1439193897192,108.10956748249153,108.37810516357422,1372700,0.0,0.0,-1.0,101.58023262023926,100.94459548950195,103.79037366681248,84.62025092137696
2025-05-07 00:00:00-04:00,108.0399499564908,108.09962921333786,105.82206693248172,105.9016342163086,773000,0.0,0.0,-1.0,102.33162879943848,101.10468154907227,103.99144610009782,75.66497732543449
2025-05-08 00:00:00-04:00,105.92152312493243,106.49837455554804,104.89711899798458,105.91157531738281,660000,0.0,0.0,-1.0,102.9646713256836,101.2323373413086,104.17431554936306,73.71637402359181
2025-05-09 00:00:00-04:00,105.42423562968466,106.39891586382852,102.66928488636326,102.87814331054688,906300,0.0,0.0,-1.0,103.41918869018555,101.31544250488281,104.0508705742377,60.27027027027027
2025-05-12 00:00:00-04:00,106.49837412027861,107.07522554853658,104.88717076175068,106.23978424072266,1099600,0.0,0.0,-1.0,103.79066009521485,101.48012939453125,104.25933854247437,62.21079691516709
2025-05-13 00:00:00-04:00,104.9269542847977,106.61771733761763,104.42967014126785,105.82206726074219,681200,0.0,0.0,-1.0,104.14273719787597,101.69719955444336,104.40816984897607,57.37796043952714
2025-05-14 00:00:00-04:00,106.35913870746535,106.58788517210895,104.88717425324847,106.52821350097656,762200,0.0,0.0,-1.0,104.59427146911621,101.85035766601563,104.61007876821421,53.58423004766692
2025-05-15 00:00:00-04:00,115.220737623185,122.88885841116638,115.121282309407,122.09320831298828,4246300,0.0,0.0,1.0,105.85488700866699,102.26449600219726,106.27513872485936,76.12865947063482
2025-05-16 00:00:00-04:00,121.94402173812371,121.94402173812371,118.43319679941324,118.93048095703125,2017200,0.0,0.0,1.0,106.89172439575195,102.61438522338867,107.48040941363763,70.5848768747978
2025-05-19 00:00:00-04:00,117.35905564621646,118.58237795478766,115.61856117688697,118.45307922363281,1793900,0.0,0.0,-1.0,107.85943908691407,102.93901229858399,108.52542558601813,68.61484433371494
2025-05-20 00:00:00-04:00,119.25868907525748,120.4919516486286,119.08960669659011,120.33281707763672,1089700,0.0,0.0,1.0,108.80030059814453,103.30879272460938,109.64993906141038,69.66958763444937
2025-05-21 00:00:00-04:00,120.04438759058205,120.98923200329196,119.3780286683665,119.87531280517578,845000,0.0,0.0,1.0,109.63673248291016,103.62924255371094,110.62378417986423,69.33669698582126
2025-05-22 00:00:00-04:00,119.03987877643816,119.15922211266005,118.25416893184452,118.3735122680664,680200,0.0,0.0,1.0,110.28867149353027,103.91050643920899,111.36185352159777,64.31033661836838
2025-05-23 00:00:00-04:00,118.73156296025859,119.09955596923828,117.78672609422287,119.09955596923828,1023300,0.0,0.0,-1.0,110.97939949035644,104.23294555664063,112.0987775642302,64.30008275216092
2025-05-27 00:00:00-04:00,121.28759735728208,123.74418219553988,120.85993269813655,123.6148910522461,1515100,0.0,0.0,1.0,111.92772026062012,104.66041091918946,113.19555027737456,69.89609600897732
2025-05-28 00:00:00-04:00,124.32103255163146,125.31560081204451,122.89879963572265,123.18722534179688,1116600,0.0,0.0,1.0,112.79796752929687,105.09543502807617,114.14713837874812,73.84739942947037
2025-05-29 00:00:00-04:00,125.32555555289109,126.12120565246855,123.24690382789085,123.59500122070312,1359100,0.0,0.0,1.0,113.65379371643067,105.56884948730469,115.04693483988669,74.13136329070802
2025-05-30 00:00:00-04:00,121.95999908447266,122.19000244140625,119.80000305175781,121.76000213623047,1603800,0.675,0.0,1.0,114.43229103088379,105.97692031860352,115.68627458239563,76.63807127371734
2025-06-02 00:00:00-04:00,122.30999755859375,123.4800033569336,122.2699966430664,123.19999694824219,801100,0.0,0.0,1.0,115.16891021728516,106.45238037109375,116.40186718866673,75.29876433733097
2025-06-03 00:00:00-04:00,125.80999755859375,126.5,125.37999725341797,126.05999755859375,1882700,0.0,0.0,1.0,116.0117301940918,107.04312316894531,117.32168912865977,78.13783777591274
2025-06-04 00:00:00-04:00,126.5,127.66999816894531,126.48999786376953,127.22000122070312,942500,0.0,0.0,1.0,116.95382499694824,107.59977905273438,118.26438551837819,78.41030890512613
2025-06-05 00:00:00-04:00,128.0,129.0800018310547,127.56999969482422,128.6300048828125,944900,0.0,0.0,1.0,118.09024353027344,108.18841430664062,119.25158736261002,64.68217587745258
2025-06-06 00:00:00-04:00,126.4000015258789,127.05000305175781,125.0199966430664,127.0199966430664,609500,0.0,0.0,1.0,119.14566459655762,108.72396347045898,119.99143586551062,69.53208499507235
