Date,Open,High,Low,Close,Volume,Dividends,Stock Splits
2023-06-06 00:00:00-04:00,83.0222354183815,86.48581900073002,82.64473149217473,86.24044036865234,1317400,0.0,0.0
2023-06-07 00:00:00-04:00,86.08001028546356,88.68477966008649,86.08001028546356,86.2781982421875,978600,0.0,0.0
2023-06-08 00:00:00-04:00,86.52956967842415,87.620439398137,86.52956967842415,87.45917510986328,526100,0.465,0.0
2023-06-09 00:00:00-04:00,88.54055698331446,88.80616577222729,87.37380627540601,87.55403900146484,998200,0.0,0.0
2023-06-12 00:00:00-04:00,87.48764121797804,88.84411252977716,87.48764121797804,88.56902313232422,552100,0.0,0.0
2023-06-13 00:00:00-04:00,90.85508531360112,91.97441116203697,89.82113551685116,90.51359558105469,924900,0.0,0.0
2023-06-14 00:00:00-04:00,92.04083029834247,93.99490520394768,91.5191149940916,93.56804656982422,1707200,0.0,0.0
2023-06-15 00:00:00-04:00,93.33088762980043,94.17512417356656,92.61945185221555,93.09374237060547,1787900,0.0,0.0
2023-06-16 00:00:00-04:00,93.09374431235989,94.6494166661592,92.86608688517194,93.38780212402344,1372400,0.0,0.0
2023-06-20 00:00:00-04:00,91.82265190392357,91.97442111420064,90.22903539196788,90.35234832763672,946600,0.0,0.0
2023-06-21 00:00:00-04:00,90.00136566039664,91.20606762313732,90.00136566039664,90.09622955322266,670200,0.0,0.0
2023-06-22 00:00:00-04:00,90.07725546312572,90.21954406776686,89.31839496687145,89.62194061279297,1004700,0.0,0.0
2023-06-23 00:00:00-04:00,88.21805394941876,88.41725513827186,87.60147470557801,88.28445434570312,642500,0.0,0.0
2023-06-26 00:00:00-04:00,88.01884856594198,89.4227446596503,87.51610169844777,87.74375915527344,640500,0.0,0.0
2023-06-27 00:00:00-04:00,92.05978882271853,92.4487032689113,90.95943139037082,91.86058044433594,2784100,0.0,0.0
2023-06-28 00:00:00-04:00,91.52858854731818,92.76174687532013,90.85509683304308,91.19658660888672,1514100,0.0,0.0
2023-06-29 00:00:00-04:00,91.50012632809398,92.98939827268194,91.40526967143278,92.95145416259766,1409000,0.0,0.0
2023-06-30 00:00:00-04:00,92.45819958405079,93.14117912371238,91.34836145065039,91.71830749511719,1425700,0.0,0.0
2023-07-03 00:00:00-04:00,94.137190002965,95.4841807176074,93.7292998245993,94.2035903930664,765700,0.0,0.0
2023-07-05 00:00:00-04:00,93.09374687041723,93.42574880191815,92.57202438013057,93.08425903320312,733800,0.0,0.0
2023-07-06 00:00:00-04:00,92.04083672053463,92.04083672053463,90.40927582693978,90.85511016845703,874000,0.0,0.0
2023-07-07 00:00:00-04:00,90.46618425028976,91.9270000472643,90.25749524542202,91.49064636230469,960100,0.0,0.0
2023-07-10 00:00:00-04:00,91.31042115723562,92.79969323462709,91.14915686572216,92.3538589477539,763700,0.0,0.0
2023-07-11 00:00:00-04:00,92.35385938126673,94.92451337471114,92.35385938126673,93.57752990722656,850600,0.0,0.0
2023-07-12 00:00:00-04:00,96.57503679442212,97.53310570521613,96.08177782043764,97.5141372680664,1547000,0.0,0.0
2023-07-13 00:00:00-04:00,99.43027592295732,99.75279727747449,98.73780849864977,99.5535888671875,1490200,0.0,0.0
2023-07-14 00:00:00-04:00,100.54959758455128,100.6634299230217,99.41130314824522,99.92353057861328,1501000,0.0,0.0
2023-07-17 00:00:00-04:00,99.04135604865294,100.8531421849681,98.36785709952329,100.75828552246094,958200,0.0,0.0
2023-07-18 00:00:00-04:00,99.90457232846015,100.35989449167349,96.80271496910142,97.94100952148438,1117200,0.0,0.0
2023-07-19 00:00:00-04:00,98.41528914744428,98.97494852276418,97.50465215968855,97.61848449707031,890700,0.0,0.0
2023-07-20 00:00:00-04:00,96.72681851377043,97.35287829323481,96.10075149720637,97.22007751464844,848200,0.0,0.0
2023-07-21 00:00:00-04:00,97.05881990499579,97.52362262738913,96.54658523176452,96.95447540283203,1294100,0.0,0.0
2023-07-24 00:00:00-04:00,96.40429212007206,100.32193659453935,96.17663468828704,100.15119171142578,1317300,0.0,0.0
2023-07-25 00:00:00-04:00,101.49818393256302,101.90607412009376,100.01839964156771,100.7298355102539,1330600,0.0,0.0
2023-07-26 00:00:00-04:00,101.49816720225498,104.19213377381585,101.19462157113405,103.3858413696289,939200,0.0,0.0
2023-07-27 00:00:00-04:00,103.68938878143781,103.85065305472361,101.09027881801094,101.4981689453125,606200,0.0,0.0
2023-07-28 00:00:00-04:00,103.33842137172252,103.33842137172252,101.49817182830952,102.9210433959961,1126000,0.0,0.0
2023-07-31 00:00:00-04:00,102.43728387293433,104.23010179891787,102.04836933621057,103.14871978759766,737800,0.0,0.0
2023-08-01 00:00:00-04:00,103.04435861180231,105.10278502556883,102.61750002686917,104.0308837890625,644000,0.0,0.0
2023-08-02 00:00:00-04:00,101.58354129468914,101.91555045227366,100.11324500765389,101.31793975830078,796200,0.0,0.0
2023-08-03 00:00:00-04:00,103.78426838723463,104.34392779889346,103.2625458534002,103.27203369140625,632200,0.0,0.0
2023-08-04 00:00:00-04:00,104.72335798176128,105.1217603186293,102.75030749855817,102.94950866699219,951300,0.0,0.0
2023-08-07 00:00:00-04:00,103.86962524300186,103.90756935355165,101.5361167224329,102.63646697998047,608500,0.0,0.0
2023-08-08 00:00:00-04:00,100.55907576364973,101.99142789039037,100.29347423649514,101.45073699951172,711600,0.0,0.0
2023-08-09 00:00:00-04:00,102.68390941180992,102.95899881355913,101.09029279150062,101.87761688232422,786200,0.0,0.0
2023-08-10 00:00:00-04:00,103.3384253893803,104.31546274590846,101.6973769331898,101.73532104492188,1096600,0.0,0.0
2023-08-11 00:00:00-04:00,99.0698116150572,99.0698116150572,96.53709459792537,97.7607650756836,924300,0.0,0.0
2023-08-14 00:00:00-04:00,97.53311076693984,98.22557817097957,96.69836198414502,97.72282409667969,704900,0.0,0.0
2023-08-15 00:00:00-04:00,98.26350087577248,98.33938909156375,97.06829404400378,97.39080810546875,580500,0.0,0.0
2023-08-16 00:00:00-04:00,96.18612767170745,97.15367723638532,95.39880359983157,96.30944061279297,601500,0.0,0.0
2023-08-17 00:00:00-04:00,97.71335519860367,97.8841001106583,96.00590607805735,96.22408294677734,1102800,0.0,0.0
2023-08-18 00:00:00-04:00,93.4731834856036,94.01387442903798,92.66689098919785,93.23603820800781,913300,0.0,0.0
2023-08-21 00:00:00-04:00,94.12771062045302,95.79720823235111,93.5300998647067,95.237548828125,876500,0.0,0.0
2023-08-22 00:00:00-04:00,96.8501244682985,96.96395680048951,95.53159737809064,96.62246704101562,787100,0.0,0.0
2023-08-23 00:00:00-04:00,96.24303216822406,97.86510489027795,96.06279945340728,97.36235809326172,814000,0.0,0.0
2023-08-24 00:00:00-04:00,93.12221226719493,96.13870069493943,91.77522873481279,93.52061462402344,1702800,0.0,0.0
2023-08-25 00:00:00-04:00,94.023374589086,94.09925558766585,91.75626601711463,93.681884765625,1007200,0.0,0.0
2023-08-28 00:00:00-04:00,95.19010830222872,98.67139906937285,95.19010830222872,98.20659637451172,1284100,0.0,0.0
2023-08-29 00:00:00-04:00,99.5725604390057,100.42628488683489,98.7188359911765,99.5156478881836,1105500,0.0,0.0
2023-08-30 00:00:00-04:00,98.79472841680875,99.61998938720953,98.1402051061324,98.69038391113281,528200,0.0,0.0
2023-08-31 00:00:00-04:00,97.70384996134062,99.37335466667946,97.70384996134062,98.15917205810547,1273600,0.0,0.0
2023-09-01 00:00:00-04:00,99.13621971796468,102.0578442100188,98.71884168891411,99.07929992675781,1614200,0.0,0.0
2023-09-05 00:00:00-04:00,96.69836905062893,96.9639706265141,95.3988102119335,96.1861343383789,1195300,0.0,0.0
2023-09-06 00:00:00-04:00,95.2754843410428,95.99640073864612,94.78221813520983,95.0667953491211,740000,0.0,0.0
2023-09-07 00:00:00-04:00,93.91773504048889,94.18473526118173,93.07859045042419,93.39327239990234,877200,0.525,0.0
2023-09-08 00:00:00-04:00,94.09892468130623,94.09892468130623,92.81159792468546,93.83192443847656,740800,0.0,0.0
2023-09-11 00:00:00-04:00,97.29340697462874,97.81787694808932,96.15864863671104,96.70219421386719,862000,0.0,0.0
2023-09-12 00:00:00-04:00,97.29339690647167,97.73204116833256,96.64496467693593,96.84521484375,725000,0.0,0.0
2023-09-13 00:00:00-04:00,96.05374972336907,96.64496240907717,95.82488615934311,96.42564392089844,668700,0.0,0.0
2023-09-14 00:00:00-04:00,97.59854102023904,97.60807882109623,96.31121436251483,97.03593444824219,737100,0.0,0.0
2023-09-15 00:00:00-04:00,96.88335819657046,97.46504036704677,96.31121382689828,96.78800201416016,722500,0.0,0.0
2023-09-18 00:00:00-04:00,96.27307797315268,97.39829848046946,96.13957785153976,96.72126007080078,846100,0.0,0.0
2023-09-19 00:00:00-04:00,96.8833561110817,97.42689434185174,96.50192411444074,96.6163558959961,429700,0.0,0.0
2023-09-20 00:00:00-04:00,95.34810024477632,95.54835041164691,93.72702330808461,93.76516723632812,644000,0.0,0.0
2023-09-21 00:00:00-04:00,92.48737268836561,92.97369868779147,91.72451593605365,92.30619812011719,722700,0.0,0.0
2023-09-22 00:00:00-04:00,99.02890365788107,99.44847958488613,96.88335684513117,97.11221313476562,1306700,0.0,0.0
2023-09-25 00:00:00-04:00,94.44220731935665,96.89289837090752,94.43266951831886,96.13957214355469,906900,0.0,0.0
2023-09-26 00:00:00-04:00,95.84397370044074,96.51147432397848,95.46254165475726,95.51022338867188,384400,0.0,0.0
2023-09-27 00:00:00-04:00,94.52802315536798,94.6233866127545,93.43141614752646,94.33731079101562,638300,0.0,0.0
2023-09-28 00:00:00-04:00,91.87707793810804,94.2991626892713,91.61007772974848,93.9940185546875,699100,0.0,0.0
2023-09-29 00:00:00-04:00,96.8261563073082,96.8261563073082,94.72828369365459,95.51022338867188,1110500,0.0,0.0
2023-10-02 00:00:00-04:00,95.35763331274134,95.72952750064422,94.41359478000402,95.06202697753906,326400,0.0,0.0
2023-10-03 00:00:00-04:00,92.92601955578822,94.78549794665557,92.92601955578822,94.232421875,619500,0.0,0.0
2023-10-04 00:00:00-04:00,93.49816882806958,94.72827598054212,93.49816882806958,94.56616973876953,671200,0.0,0.0
2023-10-05 00:00:00-04:00,93.76516997523224,94.64245852482745,93.52677587315459,94.6233901977539,551100,0.0,0.0
2023-10-06 00:00:00-04:00,95.06202738126287,96.95010445475609,95.06202738126287,96.25399780273438,1168200,0.0,0.0
2023-10-09 00:00:00-04:00,97.11222114635653,99.36266212651519,96.94058437137866,99.24823760986328,1140100,0.0,0.0
2023-10-10 00:00:00-04:00,100.70720444113415,101.68938697158858,100.02062826736119,101.47959899902344,1775300,0.0,0.0
2023-10-11 00:00:00-04:00,103.02439699220375,104.7789741078339,102.89089687580626,103.73004150390625,1241700,0.0,0.0
2023-10-12 00:00:00-04:00,103.69190281396064,103.69190281396064,101.18399932895181,102.24246978759766,854600,0.0,0.0
2023-10-13 00:00:00-04:00,99.80130192827019,101.05048458922822,99.57243837151893,100.60230255126953,714300,0.0,0.0
2023-10-16 00:00:00-04:00,99.60105422900631,101.72753284819547,99.00984150432512,101.21260070800781,792100,0.0,0.0
2023-10-17 00:00:00-04:00,99.04797728495602,99.3626519487273,97.81786293047335,98.9526138305664,881300,0.0,0.0
2023-10-18 00:00:00-04:00,99.38173362240272,100.49741626491763,98.83819536513566,99.2196273803711,1014100,0.0,0.0
2023-10-19 00:00:00-04:00,98.01812439986534,99.362663414429,97.59854843280756,97.97998046875,951200,0.0,0.0
2023-10-20 00:00:00-04:00,96.70220177749725,97.15991444903482,95.74862522404695,95.9488754272461,685600,0.0,0.0
2023-10-23 00:00:00-04:00,95.73907377908333,97.21711286119061,94.80456568877189,96.187255859375,1255300,0.0,0.0
2023-10-24 00:00:00-04:00,96.18725709652281,102.49992840589499,96.18725709652281,101.0791015625,1154500,0.0,0.0
2023-10-25 00:00:00-04:00,99.54383956824681,101.0218858946823,99.18148315621714,100.03970336914062,739100,0.0,0.0
2023-10-26 00:00:00-04:00,100.4592751784636,100.65952535520609,99.30544857425546,100.20181274414062,512500,0.0,0.0
2023-10-27 00:00:00-04:00,102.52852808256917,103.23417983439164,101.06002687522265,101.82288360595703,959500,0.0,0.0
2023-10-30 00:00:00-04:00,102.7478521326404,104.16867886289137,102.62388982570918,102.84320831298828,1178600,0.0,0.0
2023-10-31 00:00:00-04:00,102.83367125735708,103.94936112866142,100.78348790178963,101.95638275146484,1650800,0.0,0.0
2023-11-01 00:00:00-04:00,102.31875641275812,103.42490131616381,101.61310459872571,103.32000732421875,959100,0.0,0.0
2023-11-02 00:00:00-04:00,103.90169430250181,104.85527080007456,103.22465586225051,104.66455841064453,841100,0.0,0.0
2023-11-03 00:00:00-04:00,105.01737009281645,107.86856886959131,105.01737009281645,107.48713684082031,1324300,0.0,0.0
2023-11-06 00:00:00-05:00,107.33455785059557,107.33455785059557,105.37973058489163,106.3809814453125,736400,0.0,0.0
2023-11-07 00:00:00-05:00,106.37143622783134,107.0198683848735,105.68486014682085,106.62889862060547,705700,0.0,0.0
2023-11-08 00:00:00-05:00,106.46680359698841,107.51573615319704,106.16165944836025,106.91498565673828,515400,0.0,0.0
2023-11-09 00:00:00-05:00,107.4489868788882,109.4610336243806,107.19152445716638,107.72552490234375,853600,0.0,0.0
2023-11-10 00:00:00-05:00,107.18198046027156,108.92702688229679,107.10569260816762,108.59326934814453,592200,0.0,0.0
2023-11-13 00:00:00-05:00,109.59452781756367,110.61485419890725,109.00330787432148,109.78524017333984,837300,0.0,0.0
2023-11-14 00:00:00-05:00,108.9747085571289,109.81386043547768,107.61109403002264,108.9747085571289,1336400,0.0,0.0
2023-11-15 00:00:00-05:00,110.61486024113607,110.92954219304498,108.77445753404669,109.7375717163086,1824800,0.0,0.0
2023-11-16 00:00:00-05:00,106.03769353833917,109.39428656478131,104.41661655667593,107.13430786132812,2773200,0.0,0.0
2023-11-17 00:00:00-05:00,110.85325243161715,112.3026853053294,109.73756983061392,111.70193481445312,2057400,0.0,0.0
2023-11-20 00:00:00-05:00,110.74834982273332,113.38022242219182,110.00456148000173,112.97018432617188,1205800,0.0,0.0
2023-11-21 00:00:00-05:00,109.89967629766349,111.29189692046982,109.47056984259405,111.07257843017578,1014100,0.0,0.0
2023-11-22 00:00:00-05:00,111.56843300825204,112.01661505701968,110.54810660422771,111.3395767211914,859800,0.0,0.0
2023-11-24 00:00:00-05:00,107.2678051589387,110.07132204968924,107.143842848372,110.05225372314453,1576000,0.0,0.0
2023-11-27 00:00:00-05:00,107.76366765265357,109.7566387746274,107.60155414053068,108.99378204345703,1596600,0.0,0.0
2023-11-28 00:00:00-05:00,108.86982268234765,109.66129289012703,108.07835247456825,108.90796661376953,1043300,0.0,0.0
2023-11-29 00:00:00-05:00,108.10695046247574,109.27030746648809,108.05926873619548,108.34534454345703,771700,0.0,0.0
2023-11-30 00:00:00-05:00,108.58000316905786,108.91521384656116,106.55915226133753,108.68535614013672,1262200,0.495,0.0
2023-12-01 00:00:00-05:00,107.27745980442448,107.88083900040239,104.49998644318958,104.75857543945312,1968600,0.0,0.0
2023-12-04 00:00:00-05:00,102.19180621401566,102.19180621401566,99.49095456847296,99.77828216552734,1992000,0.0,0.0
2023-12-05 00:00:00-05:00,96.90502799998706,99.05038335730853,96.4357331139888,98.38954162597656,2588900,0.0,0.0
2023-12-06 00:00:00-05:00,100.53490883232448,100.95632071017872,98.12137737721613,98.22673034667969,1521100,0.0,0.0
2023-12-07 00:00:00-05:00,100.45828310976167,100.67856857531112,99.76870272183474,100.33377838134766,2022200,0.0,0.0
2023-12-08 00:00:00-05:00,100.37210181711055,100.81266549648053,99.73040441013806,100.12308502197266,1101100,0.0,0.0
2023-12-11 00:00:00-05:00,100.3720955527659,101.20533248492187,100.15181007330656,100.58279418945312,1740600,0.0,0.0
2023-12-12 00:00:00-05:00,101.40645576397954,102.28759034758421,100.65941275528535,102.16307830810547,889500,0.0,0.0
2023-12-13 00:00:00-05:00,102.9580183880323,103.42731335610746,100.90843609491786,102.41210174560547,1239200,0.0,0.0
2023-12-14 00:00:00-05:00,100.74560965236255,100.77434095038466,99.15574296272615,100.02729797363281,1878700,0.0,0.0
2023-12-15 00:00:00-05:00,100.35293051601775,100.35293051601775,98.37039054691138,98.54278564453125,1901900,0.0,0.0
2023-12-18 00:00:00-05:00,98.24588416271393,98.68644778097635,97.49884118796268,98.56194305419922,1068700,0.0,0.0
2023-12-19 00:00:00-05:00,99.00252001730682,100.42956402827802,98.70561284874923,98.85885620117188,1163000,0.0,0.0
2023-12-20 00:00:00-05:00,98.80138583768533,99.51011801936332,97.69997307654928,97.74785614013672,1285600,0.0,0.0
2023-12-21 00:00:00-05:00,99.23237877658205,100.01773269834769,98.34167187568546,99.99858093261719,1164900,0.0,0.0
2023-12-22 00:00:00-05:00,78.5354149636768,86.63797031357176,77.86499361241452,83.93711853027344,21186700,0.0,0.0
2023-12-26 00:00:00-05:00,88.304443359375,90.46895786302363,87.30839095949261,88.304443359375,8078200,0.0,0.0
2023-12-27 00:00:00-05:00,84.77993197291762,85.68979783961849,83.42950978280324,83.92753601074219,7497500,0.0,0.0
2023-12-28 00:00:00-05:00,86.13993623506333,87.36585362706498,85.38331374627141,85.5269775390625,3372100,0.0,0.0
2023-12-29 00:00:00-05:00,88.06502465798243,90.15291793695425,87.40418276401374,89.22390747070312,5088600,0.0,0.0
2024-01-02 00:00:00-05:00,88.11290612684844,89.04192380622608,87.54783773624256,88.56304931640625,3103700,0.0,0.0
2024-01-03 00:00:00-05:00,89.66446084558447,92.46108607317916,88.6109311371357,92.14502716064453,3158800,0.0,0.0
2024-01-04 00:00:00-05:00,90.52643000923736,92.25996062483325,89.94220985627585,91.81939697265625,2112200,0.0,0.0
2024-01-05 00:00:00-05:00,89.74107225035164,89.75065178567021,87.3275481502283,87.33712768554688,3146400,0.0,0.0
2024-01-08 00:00:00-05:00,85.01936988845276,86.70501006287235,84.34894855563817,86.3027572631836,2823200,0.0,0.0
2024-01-09 00:00:00-05:00,85.88134230350255,85.97711573231025,85.14387886393446,85.66106414794922,1599400,0.0,0.0
2024-01-10 00:00:00-05:00,85.91007954170983,86.33149142605548,85.17261605114969,85.20134735107422,1251000,0.0,0.0
2024-01-11 00:00:00-05:00,86.19740236070785,86.96360441562078,85.62275447304533,86.59965515136719,1611100,0.0,0.0
2024-01-12 00:00:00-05:00,85.9866984951326,87.34670023356988,85.9866984951326,87.21261596679688,1133500,0.0,0.0
2024-01-16 00:00:00-05:00,85.74725938674264,87.8734631520278,85.49824262230126,85.76641845703125,2892100,0.0,0.0
2024-01-17 00:00:00-05:00,82.36640863249949,84.65542800876935,82.17486176779985,84.63627624511719,3357100,0.0,0.0
2024-01-18 00:00:00-05:00,84.79908867459129,85.88134230350255,84.1286600588488,85.66106414794922,2322500,0.0,0.0
2024-01-19 00:00:00-05:00,85.67064906262995,87.94051692743693,84.91403374807294,87.8255844116211,3343500,0.0,0.0
2024-01-22 00:00:00-05:00,84.41599047334975,87.44248061271438,84.35852787555368,87.05937957763672,2733600,0.0,0.0
2024-01-23 00:00:00-05:00,92.45150216165143,94.29037833601522,92.28868659879559,93.897705078125,3643900,0.0,0.0
2024-01-24 00:00:00-05:00,97.35517691921056,98.3320775798313,95.2960153276072,95.985595703125,3306200,0.0,0.0
2024-01-25 00:00:00-05:00,97.6903907665308,99.25151889040113,96.91461647222728,99.12701416015625,2671700,0.0,0.0
2024-01-26 00:00:00-05:00,97.88193744420639,98.24588671307752,96.75179341774566,97.93940734863281,1337100,0.0,0.0
2024-01-29 00:00:00-05:00,97.99686470508765,98.06390683412933,94.09882707184855,95.09488677978516,2307000,0.0,0.0
2024-01-30 00:00:00-05:00,92.25994605973462,94.39572184739652,92.25994605973462,93.43797302246094,1426500,0.0,0.0
2024-01-31 00:00:00-05:00,92.80587808775383,94.4915183469603,92.67179381444653,93.51461029052734,1344800,0.0,0.0
2024-02-01 00:00:00-05:00,96.05263630559043,97.4605283320338,95.90897251180239,96.6368637084961,1281200,0.0,0.0
2024-02-02 00:00:00-05:00,94.7884116566379,95.64080760975128,94.04136866914928,94.65432739257812,1177600,0.0,0.0
2024-02-05 00:00:00-05:00,96.17715058516926,96.96250445458698,95.93771334074867,96.41658782958984,1309900,0.0,0.0
2024-02-06 00:00:00-05:00,100.84139170612438,103.06336906341926,99.86448364755503,102.83351135253906,2500400,0.0,0.0
2024-02-07 00:00:00-05:00,99.5867272201283,101.91405718477225,99.51010555952877,101.84700775146484,1030100,0.0,0.0
2024-02-08 00:00:00-05:00,101.33942073917318,101.55012669118513,99.93152852077067,100.2667465209961,1103100,0.0,0.0
2024-02-09 00:00:00-05:00,101.58842378984207,102.2780041551521,99.7591272218529,102.11518859863281,611600,0.0,0.0
2024-02-12 00:00:00-05:00,102.8526539461528,104.17434479966929,102.78561181533045,103.48477172851562,1404500,0.0,0.0
2024-02-13 00:00:00-05:00,102.0673008815728,102.19180560913577,99.79743333800283,100.18053436279297,1055100,0.0,0.0
2024-02-14 00:00:00-05:00,101.9906843051988,103.07294530227104,101.41603639285712,103.02505493164062,746300,0.0,0.0
2024-02-15 00:00:00-05:00,103.03462952608794,103.57096657761385,102.25884793993731,103.23575592041016,925100,0.0,0.0
2024-02-16 00:00:00-05:00,104.97886538647013,105.25661346514521,103.1974517143092,103.20703125,769300,0.0,0.0
2024-02-20 00:00:00-05:00,103.5135062895798,104.60533948713055,102.28758882615753,103.09209442138672,1619600,0.0,0.0
2024-02-21 00:00:00-05:00,104.61491552167192,104.61491552167192,101.78955188353723,102.373779296875,2527600,0.0,0.0
2024-02-22 00:00:00-05:00,103.2166029407368,104.80646973306482,102.66111409332635,104.24139404296875,1162100,0.0,0.0
2024-02-23 00:00:00-05:00,104.1264598542183,104.87350281473043,102.97715680900849,104.05941772460938,715400,0.0,0.0
2024-02-26 00:00:00-05:00,103.7242195487787,103.89661466093744,102.49829469173599,102.9388656616211,1015500,0.0,0.0
2024-02-27 00:00:00-05:00,107.17211164108747,109.66225751182475,106.49211074646213,108.3597183227539,2121600,0.0,0.0
2024-02-28 00:00:00-05:00,108.84816755621071,108.96309275151374,107.26788035739378,107.53604888916016,1664200,0.0,0.0
2024-02-29 00:00:00-05:00,104.44252865753243,108.70450867391195,102.25885485638557,103.36026763916016,3556200,0.0,0.0
2024-03-01 00:00:00-05:00,105.35238322776081,107.26788110462918,104.88308829390051,105.8216781616211,1557200,0.0,0.0
2024-03-04 00:00:00-05:00,107.17210710358033,107.2008384024538,103.45603656566324,104.27970123291016,2592300,0.0,0.0
2024-03-05 00:00:00-05:00,102.09603874320919,102.7951987064268,100.24758293878,101.46392822265625,1619400,0.0,0.0
2024-03-06 00:00:00-05:00,102.47913576447665,102.90054763297734,97.85320666739887,99.2036361694336,4607500,0.0,0.0
2024-03-07 00:00:00-05:00,99.61546459008498,101.87575256628496,99.5292633898935,101.38729858398438,1351900,0.0,0.0
2024-03-08 00:00:00-05:00,101.64590021247737,102.37379150899828,100.78393194562204,101.45435333251953,1584600,0.0,0.0
2024-03-11 00:00:00-04:00,102.58449689657354,104.27970942671,102.34505964442153,102.96759796142578,1370200,0.0,0.0
2024-03-12 00:00:00-04:00,103.64759469610554,104.44252809484702,103.19745151110627,104.3180160522461,1662500,0.0,0.0
2024-03-13 00:00:00-04:00,105.53685772994453,107.4908898701664,105.53685772994453,106.33975219726562,1492800,1.08,0.0
2024-03-14 00:00:00-04:00,105.16927276344447,105.60457308777328,103.4474076508931,104.01813507080078,1091200,0.0,0.0
2024-03-15 00:00:00-04:00,104.5888742520946,104.85972845459827,103.19590134753454,103.43773651123047,1571100,0.0,0.0
2024-03-18 00:00:00-04:00,102.52843820643822,102.99276498738132,101.10644620381579,102.30595397949219,1231100,0.0,0.0
2024-03-19 00:00:00-04:00,101.44501379435005,102.18018735409439,100.21648707017313,102.05443572998047,762300,0.0,0.0
2024-03-20 00:00:00-04:00,103.16687293570304,104.11486255833817,102.77993523289932,103.90205383300781,917000,0.0,0.0
2024-03-21 00:00:00-04:00,103.5634859812931,104.65658562176242,102.57680178127376,103.35066986083984,907300,0.0,0.0
2024-03-22 00:00:00-04:00,103.33132196957315,103.33132196957315,101.75455945802436,102.07377624511719,571000,0.0,0.0
2024-03-25 00:00:00-04:00,100.57440683425264,101.40632036938474,99.21045299866746,100.13909912109375,964300,0.0,0.0
2024-03-26 00:00:00-04:00,99.67477745776104,101.04839935432997,99.21045071711438,100.7582015991211,1102500,0.0,0.0
2024-03-27 00:00:00-04:00,99.63608333426534,100.59374847654966,99.50065623859778,100.30355072021484,847100,0.0,0.0
2024-03-28 00:00:00-04:00,100.33258684285381,100.82593270692203,99.74250837686864,100.09075164794922,1733500,0.0,0.0
2024-04-01 00:00:00-04:00,100.09074216656037,100.47767991779881,95.12827971385826,95.48619842529297,3090700,0.0,0.0
2024-04-02 00:00:00-04:00,92.87438042834927,94.40277308843231,92.40037818304647,93.68694305419922,1705900,0.0,0.0
2024-04-03 00:00:00-04:00,93.64824040542605,94.64460003494167,92.59384270202735,93.59020233154297,1208300,0.0,0.0
2024-04-04 00:00:00-04:00,94.33505211246865,94.55754369787947,92.88404121173393,92.93241119384766,912800,0.0,0.0
2024-04-05 00:00:00-04:00,92.96143742141321,95.04122134937818,92.75829676522459,93.63858032226562,1110200,0.0,0.0
2024-04-08 00:00:00-04:00,93.89007377177013,93.97713826116552,93.15490024912617,93.80301666259766,1085500,0.0,0.0
2024-04-09 00:00:00-04:00,97.2854541704927,97.459575792179,95.77640503602737,97.33382415771484,2168600,0.0,0.0
2024-04-10 00:00:00-04:00,96.10529415187514,97.02427221711575,94.97350733848195,96.25039672851562,1061700,0.0,0.0
2024-04-11 00:00:00-04:00,95.39913422054497,95.64096937457981,92.60352043032005,93.97714233398438,1679000,0.0,0.0
2024-04-12 00:00:00-04:00,92.06180739453441,92.06180739453441,88.9953393217663,89.14044189453125,2662100,0.0,0.0
2024-04-15 00:00:00-04:00,89.99169592615279,90.41732815697475,88.73415755906919,89.15978240966797,1650900,0.0,0.0
2024-04-16 00:00:00-04:00,88.56971733527875,88.71481992485072,87.13805714807016,87.46694946289062,1859500,0.0,0.0
2024-04-17 00:00:00-04:00,87.14771971185932,87.44760034600542,86.27711899012063,87.00262451171875,1109900,0.0,0.0
2024-04-18 00:00:00-04:00,88.06669505000605,89.70150313595045,87.72812729321319,89.47901153564453,2102200,0.0,0.0
2024-04-19 00:00:00-04:00,89.37261508595995,90.58179107465432,89.1404553625935,90.45603942871094,1652200,0.0,0.0
2024-04-22 00:00:00-04:00,90.56242905368553,92.24559962053264,89.54671847804744,91.7812728881836,1507000,0.0,0.0
2024-04-23 00:00:00-04:00,89.96268195638761,90.52374131403595,89.19848194446458,90.0303955078125,1738900,0.0,0.0
2024-04-24 00:00:00-04:00,91.47172853962523,91.72323917244074,90.35929270801194,90.9493637084961,905900,0.0,0.0
2024-04-25 00:00:00-04:00,90.09810734897529,91.46206120493052,89.69182604813803,91.04610443115234,547100,0.0,0.0
2024-04-26 00:00:00-04:00,92.45841282243846,93.94811817572396,92.31331026188168,92.85501861572266,1192300,0.0,0.0
2024-04-29 00:00:00-04:00,93.28065592258433,93.59020462458332,92.19723177547624,93.47412109375,1174500,0.0,0.0
2024-04-30 00:00:00-04:00,91.94572781394066,92.60351972310076,90.36895789833252,90.41732788085938,1148000,0.0,0.0
2024-05-01 00:00:00-04:00,90.69786045590396,92.41972561394627,90.55275788388641,90.9493637084961,677600,0.0,0.0
2024-05-02 00:00:00-04:00,93.32903553162801,95.98922250076053,92.7776516186895,95.7183609008789,2104000,0.0,0.0
2024-05-03 00:00:00-04:00,96.97590321717996,100.48734723040779,96.64701092832732,99.65543365478516,2724100,0.0,0.0
2024-05-06 00:00:00-04:00,99.63608529821825,99.8489014185259,96.85981502186321,98.53331756591797,2655800,0.0,0.0
2024-05-07 00:00:00-04:00,94.34472323099928,94.53819577030248,93.21293655191081,93.76432037353516,2192600,0.0,0.0
2024-05-08 00:00:00-04:00,92.9420881829328,93.57086105955605,92.3423343439621,93.47412109375,1233900,0.0,0.0
2024-05-09 00:00:00-04:00,96.4148387020462,97.42087384163338,94.26734132525657,95.27337646484375,1015700,0.0,0.0
2024-05-10 00:00:00-04:00,95.38945414131912,96.43418372755053,94.27701101043694,95.31206512451172,772600,0.0,0.0
2024-05-13 00:00:00-04:00,95.92149823517379,97.91421752605274,95.39913342120856,96.24071502685547,2467300,0.0,0.0
2024-05-14 00:00:00-04:00,96.41483959550324,96.42451506834351,94.68329896826417,95.4184799194336,1407900,0.0,0.0
2024-05-15 00:00:00-04:00,96.63732886737039,96.63732886737039,94.56722054269878,95.53456115722656,1301900,0.0,0.0
2024-05-16 00:00:00-04:00,98.18507958810787,101.33861228961713,97.57565761306222,100.80657196044922,1691400,0.0,0.0
2024-05-17 00:00:00-04:00,100.60342644629974,103.83434063774098,100.60342644629974,101.541748046875,1697200,0.0,0.0
2024-05-20 00:00:00-04:00,100.6034312532422,101.53207742533759,100.05204735792857,101.3095932006836,1475900,0.0,0.0
2024-05-21 00:00:00-04:00,98.3978908425126,98.57201245249838,95.28305280844643,95.66999053955078,2263400,0.0,0.0
2024-05-22 00:00:00-04:00,94.79938555295502,97.21773722522428,94.79938555295502,95.14762878417969,1624300,0.0,0.0
2024-05-23 00:00:00-04:00,91.89736177077333,94.83807823306489,91.30728338372207,91.6458511352539,2944700,0.0,0.0
2024-05-24 00:00:00-04:00,88.96632954075642,89.17914568559341,87.0606670913651,87.52499389648438,3284400,0.0,0.0
2024-05-28 00:00:00-04:00,86.76078859087839,88.32787578069512,86.7220940777661,88.21179962158203,3510600,0.0,0.0
2024-05-29 00:00:00-04:00,86.57699457219167,87.16707300271055,86.19973228123355,86.6350326538086,1696200,0.0,0.0
2024-05-30 00:00:00-04:00,86.64469919367383,88.08603465359778,86.64469919367383,87.69910430908203,1724600,0.0,0.0
2024-05-31 00:00:00-04:00,86.09331830249184,86.84784283262172,85.61932344796317,86.1223373413086,1962300,0.0,0.0
2024-06-03 00:00:00-04:00,87.0606501892705,87.2444472568969,84.71001233895129,85.42584228515625,2041300,0.0,0.0
2024-06-04 00:00:00-04:00,85.99658382046607,87.04131347621882,85.27107834511942,85.78376770019531,2323000,0.0,0.0
2024-06-05 00:00:00-04:00,87.62171336977252,91.18152707503388,87.17673757914274,91.07511901855469,2889800,0.0,0.0
2024-06-06 00:00:00-04:00,91.55649073472819,91.75097845052154,90.66183537130946,91.3133773803711,1414600,0.495,0.0
2024-06-07 00:00:00-04:00,91.25502513024846,92.00381841643754,90.9438403334406,91.3133773803711,1568000,0.0,0.0
2024-06-10 00:00:00-04:00,90.74934324150013,92.12050597963751,90.4867841103834,91.56620788574219,977100,0.0,0.0
2024-06-11 00:00:00-04:00,90.92438833147969,91.14805586670295,89.73799405601349,90.13670349121094,812500,0.0,0.0
2024-06-12 00:00:00-04:00,90.6326525822162,90.924391565627,89.85469432517162,90.36036682128906,1285900,0.0,0.0
2024-06-13 00:00:00-04:00,89.85469212195974,90.92438933618645,89.35873883001422,89.68937683105469,943600,0.0,0.0
2024-06-14 00:00:00-04:00,88.52243040910308,90.22422383207699,88.52243040910308,89.99083709716797,1351600,0.0,0.0
2024-06-17 00:00:00-04:00,90.14642011939841,90.33118862501425,89.34900869090964,89.92276000976562,1286300,0.0,0.0
2024-06-18 00:00:00-04:00,87.52080279113112,88.74609610759146,86.94705886739762,88.1334457397461,1248400,0.0,0.0
2024-06-20 00:00:00-04:00,88.61967651524151,89.06700419319493,87.91951629272573,89.00865936279297,1255000,0.0,0.0
2024-06-21 00:00:00-04:00,87.52080653061863,87.59860458370567,86.57752553982283,87.25824737548828,1764200,0.0,0.0
2024-06-24 00:00:00-04:00,87.03457403676067,89.53377882685712,86.75256167750713,88.6585693359375,1759700,0.0,0.0
2024-06-25 00:00:00-04:00,87.56941765685096,90.99244981388738,87.52079202692198,90.47705078125,2147100,0.0,0.0
2024-06-26 00:00:00-04:00,93.35552088126843,94.1140333013519,92.33444190393747,94.07513427734375,2495600,0.0,0.0
2024-06-27 00:00:00-04:00,93.41387176513672,94.25990889890781,92.87902684361028,93.41387176513672,1787900,0.0,0.0
2024-06-28 00:00:00-04:00,92.67480440627746,93.66670352867204,92.38306544245138,92.94709014892578,1954900,0.0,0.0
2024-07-01 00:00:00-04:00,93.77367640263003,94.09458778725788,93.29717634072307,93.80284881591797,1624500,0.0,0.0
2024-07-02 00:00:00-04:00,93.50139465222504,93.50139465222504,90.7882488119457,91.37171936035156,1305200,0.0,0.0
2024-07-03 00:00:00-04:00,92.94709463604352,93.95844702843993,92.81095175814691,93.27772521972656,484300,0.0,0.0
2024-07-05 00:00:00-04:00,90.6326435901494,91.56620527674897,88.75580844513307,89.42680358886719,2061700,0.0,0.0
2024-07-08 00:00:00-04:00,88.86278328477043,89.66019472452636,88.11399747956784,89.2031478881836,1692700,0.0,0.0
2024-07-09 00:00:00-04:00,89.90330180231093,91.50785118091625,89.55321803173415,90.9632797241211,1768700,0.0,0.0
2024-07-10 00:00:00-04:00,88.50298048373399,89.05727859034485,87.60831777299684,87.647216796875,2025500,0.0,0.0
2024-07-11 00:00:00-04:00,88.68774851379536,90.37982279838042,88.5321598253366,89.2906723022461,1210100,0.0,0.0
2024-07-12 00:00:00-04:00,90.08807781179979,90.95356070035065,89.39763682313732,90.32146453857422,1239100,0.0,0.0
2024-07-15 00:00:00-04:00,89.82551952416141,91.7509730219789,89.76716727749125,91.15777587890625,2050800,0.0,0.0
2024-07-16 00:00:00-04:00,90.36036331754353,90.60347665454891,89.3392917536591,90.40898895263672,1207400,0.0,0.0
2024-07-17 00:00:00-04:00,90.80769623019462,91.2647505173307,89.87414185229633,90.37982177734375,639100,0.0,0.0
2024-07-18 00:00:00-04:00,90.61320820338068,90.65210722972897,89.66992721731887,90.01028442382812,1267700,0.0,0.0
2024-07-19 00:00:00-04:00,88.7460932958802,89.34900961436523,88.11399714523577,88.83361053466797,1387600,0.0,0.0
2024-07-22 00:00:00-04:00,90.57429976415679,91.89683684563234,90.57429976415679,90.90493774414062,1183900,0.0,0.0
2024-07-23 00:00:00-04:00,88.84334605571591,90.80769872200737,88.38629175603802,90.77852630615234,1936800,0.0,0.0
2024-07-24 00:00:00-04:00,92.79150027288996,93.53056692332696,91.30364778000602,91.82877349853516,1478700,0.0,0.0
2024-07-25 00:00:00-04:00,92.78178710191271,94.19184163483857,92.62619098888946,92.8206787109375,1686900,0.0,0.0
2024-07-26 00:00:00-04:00,89.73799343650288,90.64237534358774,88.70719526556559,90.0394515991211,1851800,0.0,0.0
2024-07-29 00:00:00-04:00,88.2501339829782,88.96002813237119,87.97784825528653,88.66828918457031,1906300,0.0,0.0
2024-07-30 00:00:00-04:00,88.54188042638204,89.66019584275503,87.36520534474096,89.12535095214844,2187600,0.0,0.0
2024-07-31 00:00:00-04:00,90.55486527473082,91.1480624553432,89.11563094654895,89.57268524169922,1343600,0.0,0.0
2024-08-01 00:00:00-04:00,88.90167700110035,89.57267213788111,88.3084799072683,88.59049224853516,1110600,0.0,0.0
2024-08-02 00:00:00-04:00,87.3554952939766,87.66668010156309,86.86926856842076,87.49163818359375,1309200,0.0,0.0
2024-08-05 00:00:00-04:00,85.08967098400178,86.06212436667609,84.24363387015215,85.4883804321289,2243400,0.0,0.0
2024-08-06 00:00:00-04:00,83.9616203457906,85.03132498742607,83.64071637253038,84.28253173828125,2068600,0.0,0.0
2024-08-07 00:00:00-04:00,85.1285698500486,86.22743949948783,84.90490230799134,85.3036117553711,1623600,0.0,0.0
2024-08-08 00:00:00-04:00,85.4591930592727,87.25823759389262,85.18690732322187,87.14154052734375,1838500,0.0,0.0
2024-08-09 00:00:00-04:00,87.3263162392755,88.12372771180137,86.74283827757765,87.87088775634766,1110100,0.0,0.0
2024-08-12 00:00:00-04:00,87.97785382909643,87.98758043976726,87.07347193669246,87.08319854736328,1468600,0.0,0.0
2024-08-13 00:00:00-04:00,87.1318178747425,87.33603218605656,86.54834735395512,87.00540161132812,1003700,0.0,0.0
2024-08-14 00:00:00-04:00,84.64234143900119,85.81900911560439,84.59371580325488,85.2841567993164,1459800,0.0,0.0
2024-08-15 00:00:00-04:00,86.28579086116822,87.7736433315123,86.10102234655044,87.58887481689453,1380000,0.0,0.0
2024-08-16 00:00:00-04:00,86.45110102117768,87.91950760138964,86.37330297551202,87.43328094482422,1802600,0.0,0.0
2024-08-19 00:00:00-04:00,87.71529316409357,90.38953999737973,87.71529316409357,90.00056457519531,1586500,0.0,0.0
2024-08-20 00:00:00-04:00,88.53216034887946,88.89197078561617,87.37493840359532,87.73474884033203,1475200,0.0,0.0
2024-08-21 00:00:00-04:00,88.36683807886273,90.1269762581191,88.075099107843,90.0394515991211,1435100,0.0,0.0
2024-08-22 00:00:00-04:00,83.07670106829815,83.33926024335778,78.60341654548358,79.98429870605469,7253800,0.0,0.0
2024-08-23 00:00:00-04:00,80.10098207769278,80.24684413928603,78.40890797091116,79.8189697265625,3422900,0.0,0.0
2024-08-26 00:00:00-04:00,79.24522091153844,80.31491810590832,79.04100659964121,80.2176742553711,1872400,0.0,0.0
2024-08-27 00:00:00-04:00,81.33600489546069,82.01671933382164,80.79143334477193,81.22903442382812,1328900,0.0,0.0
2024-08-28 00:00:00-04:00,80.36354025419297,80.94701075133244,78.08800308958,78.15607452392578,1806600,0.0,0.0
2024-08-29 00:00:00-04:00,78.95349117894317,79.25494934832294,78.25332356817559,78.3116683959961,1854100,0.0,0.0
2024-08-30 00:00:00-04:00,79.55640798254984,79.55640798254984,77.97131165724463,78.22415161132812,1863200,0.0,0.0
2024-09-03 00:00:00-04:00,76.7265736673084,76.7265736673084,75.43320888284002,75.85136413574219,2539800,0.0,0.0
2024-09-04 00:00:00-04:00,76.82382139467944,78.01021577291473,76.72657753498807,77.36839294433594,1364800,0.0,0.0
2024-09-05 00:00:00-04:00,77.68929295676352,77.70874617738535,76.18198738545452,76.40565490722656,1370400,0.0,0.0
2024-09-06 00:00:00-04:00,76.29320208771856,76.5278956070723,75.48157791335991,75.86294555664062,1209300,0.435,0.0
2024-09-09 00:00:00-04:00,75.56958214456607,76.22475143111613,75.37401167293585,75.8433837890625,812000,0.0,0.0
2024-09-10 00:00:00-04:00,75.29577961292352,75.55980049256712,74.17123076296113,74.7286148071289,1815300,0.0,0.0
2024-09-11 00:00:00-04:00,75.36422789904846,76.73324352734927,74.80684387059094,76.43988037109375,1524200,0.0,0.0
2024-09-12 00:00:00-04:00,76.20520226434972,76.54745434195995,75.25666974887586,75.4718017578125,1020500,0.0,0.0
2024-09-13 00:00:00-04:00,75.27623229353686,76.0389676369842,75.27623229353686,75.60870361328125,1022000,0.0,0.0
2024-09-16 00:00:00-04:00,75.6575959178301,75.98028645780857,74.90463391663091,75.08065032958984,1393700,0.0,0.0
2024-09-17 00:00:00-04:00,75.52069683841214,76.59634940446057,75.28600330868345,75.31533813476562,747100,0.0,0.0
2024-09-18 00:00:00-04:00,75.57936410140852,76.27364898537006,74.94374886775668,75.0024185180664,505500,0.0,0.0
2024-09-19 00:00:00-04:00,77.14395562352853,77.82845979299981,76.27365426782823,77.70133972167969,1199400,0.0,0.0
2024-09-20 00:00:00-04:00,77.90668684634431,78.27828119912158,77.0755011244268,77.15373229980469,1172200,0.0,0.0
2024-09-23 00:00:00-04:00,78.06314572390845,79.84286385162699,77.6426625006298,78.70853424072266,1530100,0.0,0.0
2024-09-24 00:00:00-04:00,84.03791823474943,85.16245966246355,82.60045210860336,85.05490112304688,2755300,0.0,0.0
2024-09-25 00:00:00-04:00,84.19437237158377,85.91542089491342,83.94012478664595,84.96688842773438,1798400,0.0,0.0
2024-09-26 00:00:00-04:00,92.22266306429627,92.38890617600383,87.33332654369042,89.11304473876953,4529800,0.0,0.0
2024-09-27 00:00:00-04:00,90.95143554274357,92.7898232976899,90.5309523243659,91.50881958007812,3327100,0.0,0.0
2024-09-30 00:00:00-04:00,95.00959353476593,95.03892836103299,91.35236434240142,91.44037628173828,3249400,0.0,0.0
2024-10-01 00:00:00-04:00,91.57726999753356,94.54998735042187,90.736303560705,94.50109100341797,2423900,0.0,0.0
2024-10-02 00:00:00-04:00,100.72032356945014,102.08933916832633,98.23653993761894,101.95243835449219,4519100,0.0,0.0
2024-10-03 00:00:00-04:00,99.48821050692052,101.77642371875899,99.05795399622167,99.21440887451172,2542200,0.0,0.0
2024-10-04 00:00:00-04:00,100.72033195955026,101.02346843535815,98.3734489460556,100.0651626586914,1439600,0.0,0.0
2024-10-07 00:00:00-04:00,99.59577750622059,100.55409068987083,95.68430852248656,97.34668731689453,3046600,0.0,0.0
2024-10-08 00:00:00-04:00,91.47949103835023,93.55256498808384,90.94166102655956,92.34001159667969,2327800,0.0,0.0
2024-10-09 00:00:00-04:00,86.91284338834939,88.27207834554635,85.4753847167542,87.1084213256836,2897800,0.0,0.0
2024-10-10 00:00:00-04:00,86.80526983220521,87.38221537145301,85.1526793036557,86.14031982421875,1772700,0.0,0.0
2024-10-11 00:00:00-04:00,85.00599970292275,86.92261860327368,84.63441283650425,86.39456939697266,1258000,0.0,0.0
2024-10-14 00:00:00-04:00,83.50986954513789,85.06467498286679,82.87425430321264,83.12850189208984,1876200,0.0,0.0
2024-10-15 00:00:00-04:00,81.61280545722695,82.68845801481719,79.96020730259329,80.23401641845703,2100200,0.0,0.0
2024-10-16 00:00:00-04:00,81.1629858985751,81.54435354872557,79.94065177359656,80.0482177734375,1484900,0.0,0.0
2024-10-17 00:00:00-04:00,78.22938343528665,78.70853631987788,77.49598296558084,77.96536254882812,1937600,0.0,0.0
2024-10-18 00:00:00-04:00,82.33642009043757,82.69823366147511,80.42958192268522,80.59581756591797,1827000,0.0,0.0
2024-10-21 00:00:00-04:00,78.6694246507119,79.78419282333847,78.6694246507119,79.49083709716797,1231400,0.0,0.0
2024-10-22 00:00:00-04:00,78.71831158224734,79.68639804567553,78.52274112153646,79.2463607788086,1066500,0.0,0.0
2024-10-23 00:00:00-04:00,79.2463687260402,79.2463687260402,77.95558415851119,78.27828216552734,1338400,0.0,0.0
2024-10-24 00:00:00-04:00,77.76000513493955,77.99469866070291,76.54745176063756,77.14395141601562,887600,0.0,0.0
2024-10-25 00:00:00-04:00,77.86756980422108,78.83566379523532,77.0657189229136,77.97513580322266,1159500,0.0,0.0
2024-10-28 00:00:00-04:00,78.13159305641322,79.84286070644497,77.84801066485807,79.28547668457031,1131700,0.0,0.0
2024-10-29 00:00:00-04:00,81.23143205275095,81.35855210929194,80.2046684573809,80.49803161621094,1233100,0.0,0.0
2024-10-30 00:00:00-04:00,78.69876248777929,79.58861783887598,78.23916366951092,78.91388702392578,895500,0.0,0.0
2024-10-31 00:00:00-04:00,78.72809600830078,78.97256282583696,78.06314596618097,78.72809600830078,1011900,0.0,0.0
2024-11-01 00:00:00-04:00,78.56185784457311,78.56185784457311,77.34930444226369,77.36886596679688,933300,0.0,0.0
2024-11-04 00:00:00-05:00,78.08270430004535,79.07035238586538,77.2417378048775,77.29063415527344,1358700,0.0,0.0
2024-11-05 00:00:00-05:00,78.1218131132876,79.05078400596213,77.82844995742461,78.4053955078125,1257100,0.0,0.0
2024-11-06 00:00:00-05:00,77.83822936574215,78.83565810991058,76.45944046243676,78.22937774658203,1010200,0.0,0.0
2024-11-07 00:00:00-05:00,79.7450761214893,80.11666298556999,78.65964289212198,79.36370849609375,1888800,0.0,0.0
2024-11-08 00:00:00-05:00,74.98286501671677,75.53046831847226,74.49393136571067,75.06109619140625,2541000,0.0,0.0
2024-11-11 00:00:00-05:00,75.78471458043049,76.08785105138091,75.30556169977507,75.89228057861328,1267100,0.0,0.0
2024-11-12 00:00:00-05:00,76.11718469493525,76.85058514723477,75.27622570665753,76.73324584960938,1743700,0.0,0.0
2024-11-13 00:00:00-05:00,75.64781911406781,75.85317036317551,74.20057214728658,74.59172058105469,1662200,0.0,0.0
2024-11-14 00:00:00-05:00,79.23658104506245,82.73734754513937,79.09968022868269,82.3559799194336,4748100,0.0,0.0
2024-11-15 00:00:00-05:00,84.06724943994666,84.86910029381018,81.58346570711699,83.59786987304688,2041900,0.0,0.0
2024-11-18 00:00:00-05:00,85.27002752558334,87.27465852063571,85.12335339565782,86.30657196044922,2003500,0.0,0.0
2024-11-19 00:00:00-05:00,84.22370580811516,84.80065138051587,83.56853652363004,83.7836685180664,1532800,0.0,0.0
2024-11-20 00:00:00-05:00,84.62463353376741,85.67095120302798,83.94990273733022,85.59272003173828,1641300,0.0,0.0
2024-11-21 00:00:00-05:00,85.55360514200167,86.8835052226037,85.40692355977413,86.67815399169922,1228400,0.0,0.0
2024-11-22 00:00:00-05:00,85.58293875673313,86.21855396371205,84.44861662197842,84.53662109375,1991100,0.0,0.0
2024-11-25 00:00:00-05:00,84.25304600754731,84.70286404817197,83.4707492217874,83.5098648071289,1634400,0.0,0.0
2024-11-26 00:00:00-05:00,84.17481323403622,84.56596161946806,83.08938000821696,84.30193328857422,1155600,0.0,0.0
2024-11-27 00:00:00-05:00,85.12334825786748,85.71984788534704,84.20415064295764,84.6441879272461,724400,0.0,0.0
2024-11-29 00:00:00-05:00,85.1503375485354,86.48695472135923,84.46237613526596,85.97589874267578,607600,0.435,0.0
2024-12-02 00:00:00-05:00,86.97835422281008,87.50907050429458,86.31004566444626,87.34199523925781,1237900,0.0,0.0
2024-12-03 00:00:00-05:00,87.17491450404341,88.44273551182602,87.0078392351198,87.82357025146484,1243800,0.0,0.0
2024-12-04 00:00:00-05:00,89.46485242036535,89.91694239902861,88.62946860113504,89.2289810180664,2265800,0.0,0.0
2024-12-05 00:00:00-05:00,89.56313111157522,89.80883267475674,88.45256274535267,88.8063735961914,2226800,0.0,0.0
2024-12-06 00:00:00-05:00,90.35920824707725,90.63439279499521,89.66141671536629,89.72038269042969,1100000,0.0,0.0
2024-12-09 00:00:00-05:00,98.28062796507135,100.63936453587642,97.29782168542063,99.22412109375,3078800,0.0,0.0
2024-12-10 00:00:00-05:00,95.79412783611419,95.79412783611419,94.15284317336152,94.82115173339844,1305300,0.0,0.0
2024-12-11 00:00:00-05:00,94.23145831549955,95.31255116342966,93.80885133809501,95.23392486572266,936100,0.0,0.0
2024-12-12 00:00:00-05:00,94.31009030111619,95.51894533206475,94.20198100980303,94.62458801269531,706100,0.0,0.0
2024-12-13 00:00:00-05:00,92.34447394287423,93.98575857356238,92.1675685187259,93.80885314941406,1277200,0.0,0.0
2024-12-16 00:00:00-05:00,91.42063261501248,92.9538154393017,91.33218365306976,91.7351303100586,1040100,0.0,0.0
2024-12-17 00:00:00-05:00,91.41081413665341,92.70811812539307,91.0471731139565,92.02014923095703,1320700,0.0,0.0
2024-12-18 00:00:00-05:00,91.84323948999614,92.07911838467166,89.47468036714072,89.8284912109375,956100,0.0,0.0
2024-12-19 00:00:00-05:00,90.60490884980372,91.14544777801025,90.09384541060079,90.23143768310547,716800,0.0,0.0
2024-12-20 00:00:00-05:00,90.22161510557619,91.30270046123702,89.91694007483963,90.50662231445312,642400,0.0,0.0
2024-12-23 00:00:00-05:00,91.13562541945343,91.68599451131428,90.14298902316169,90.78181457519531,799400,0.0,0.0
2024-12-24 00:00:00-05:00,91.34201347040697,91.5778848662478,90.54593532484235,90.63439178466797,236200,0.0,0.0
2024-12-26 00:00:00-05:00,90.32973046416792,91.05700502531474,89.89729329354265,90.72284698486328,357600,0.0,0.0
2024-12-27 00:00:00-05:00,90.2117796361771,90.408337871745,89.4353618587166,89.90711212158203,459500,0.0,0.0
2024-12-30 00:00:00-05:00,88.74740361969093,88.95379202367336,87.4992355359953,87.7154541015625,701600,0.0,0.0
2024-12-31 00:00:00-05:00,87.49923441636223,88.2658220494067,87.16508390891872,87.67613983154297,611200,0.0,0.0
2025-01-02 00:00:00-05:00,86.98818810232667,88.29531478853946,86.16262690755418,86.25108337402344,767300,0.0,0.0
2025-01-03 00:00:00-05:00,86.81127705567756,87.59751754944416,86.48694919661827,86.73265075683594,685400,0.0,0.0
2025-01-06 00:00:00-05:00,88.34445545597232,89.16018646375815,86.22159780113927,86.70317077636719,1209100,0.0,0.0
2025-01-07 00:00:00-05:00,87.53855782105657,89.3469253323739,87.49924466883041,88.17738342285156,1190200,0.0,0.0
2025-01-08 00:00:00-05:00,89.51399487656604,90.70318953698165,88.70809405305229,90.693359375,1065700,0.0,0.0
2025-01-10 00:00:00-05:00,91.9906654338693,92.0692917350939,88.71791875300883,89.5434799194336,1732600,0.0,0.0
2025-01-13 00:00:00-05:00,93.06193088452068,94.26095576943776,91.63685725153849,92.6294937133789,2423700,0.0,0.0
2025-01-14 00:00:00-05:00,93.85798965967959,94.49681517271328,92.87518348523268,94.37887573242188,1409700,0.0,0.0
2025-01-15 00:00:00-05:00,97.9857808806364,102.99809879282668,97.5435210640157,102.13322448730469,3377100,0.0,0.0
2025-01-16 00:00:00-05:00,98.42804680047085,98.70323134897619,96.90469412353787,97.60248565673828,2095700,0.0,0.0
2025-01-17 00:00:00-05:00,97.90716175257585,98.15286331615047,95.96120206984946,98.04475402832031,1599400,0.0,0.0
2025-01-21 00:00:00-05:00,98.87030715561735,99.65655515415061,96.58036679573964,98.9784164428711,1810500,0.0,0.0
2025-01-22 00:00:00-05:00,98.36907530782557,98.58529388549542,97.13074481461653,97.80887603759766,930200,0.0,0.0
2025-01-23 00:00:00-05:00,98.0644020051682,98.42804300063557,96.82606408648391,97.74007415771484,1015000,0.0,0.0
2025-01-24 00:00:00-05:00,100.12829375474831,102.04477035895397,99.34205328741106,101.40594482421875,1196200,0.0,0.0
2025-01-27 00:00:00-05:00,100.18727511418433,101.56319791491096,99.5484495291516,100.19709777832031,991600,0.0,0.0
2025-01-28 00:00:00-05:00,100.3838244519705,101.68112833324817,98.37889890850207,101.64181518554688,1033200,0.0,0.0
2025-01-29 00:00:00-05:00,101.80889301601839,102.0349417464672,99.10617590344289,99.15531921386719,755400,0.0,0.0
2025-01-30 00:00:00-05:00,99.31257144142424,103.76468241432597,99.31257144142424,103.07671356201172,1019300,0.0,0.0
2025-01-31 00:00:00-05:00,102.76221701632304,103.07671471001565,100.40348806273663,101.08161926269531,1233900,0.0,0.0
2025-02-03 00:00:00-05:00,99.31257231844903,102.91946937490208,98.85065219166853,101.88751983642578,1126900,0.0,0.0
2025-02-04 00:00:00-05:00,100.3248622387902,101.72044529250674,99.31257301675332,99.46981811523438,1280200,0.0,0.0
2025-02-05 00:00:00-05:00,100.5312522802454,100.73764069309891,98.91945062901314,99.5287857055664,1042100,0.0,0.0
2025-02-06 00:00:00-05:00,101.71061698510356,102.31012939906475,100.91454631990317,101.43543243408203,797300,0.0,0.0
2025-02-07 00:00:00-05:00,103.68606329973333,103.97107802280773,101.58285844497999,102.3789291381836,697100,0.0,0.0
2025-02-10 00:00:00-05:00,104.28557381910483,104.66886766421503,102.4673837208252,103.12586212158203,1131300,0.0,0.0
2025-02-11 00:00:00-05:00,102.06442970037891,104.33471728421256,101.7794149821239,103.67623138427734,1117300,0.0,0.0
2025-02-12 00:00:00-05:00,104.22660579779388,108.25610992260958,103.81382147420466,107.26347351074219,1561300,0.0,0.0
2025-02-13 00:00:00-05:00,103.06689278453696,103.31259434381316,100.1774400480196,103.00791931152344,1903700,0.0,0.0
2025-02-14 00:00:00-05:00,103.6565731778552,104.27573839682695,101.3764630483794,101.72044372558594,1496700,0.0,0.0
2025-02-18 00:00:00-05:00,103.75485682665737,104.12832050702941,101.94649690289795,102.83101654052734,2193000,0.0,0.0
2025-02-19 00:00:00-05:00,102.0939144151092,102.58531755870983,100.73764443812955,102.3789291381836,1040300,0.0,0.0
2025-02-20 00:00:00-05:00,97.41575115410824,100.84574261904557,96.67864651991671,99.67620086669922,2009800,0.0,0.0
2025-02-21 00:00:00-05:00,101.69096064891403,102.49686144832184,100.13812502379136,101.44525909423828,1507200,0.0,0.0
2025-02-24 00:00:00-05:00,98.77202348301266,98.8703026037505,95.05701723232141,97.18970489501953,2495800,0.0,0.0
2025-02-25 00:00:00-05:00,97.88750107578474,98.58529261403643,96.97349096265177,97.89733123779297,1170800,0.0,0.0
2025-02-26 00:00:00-05:00,100.47228630463485,101.62216781834019,98.82117150359002,99.5287857055664,1382800,0.0,0.0
2025-02-27 00:00:00-05:00,98.9587640313132,99.33222770816054,97.1995399383494,98.72288513183594,1016600,0.0,0.0
2025-02-28 00:00:00-05:00,97.98577943443817,99.44033597339181,96.9145242286397,98.00543975830078,1529900,0.0,0.0
2025-03-03 00:00:00-05:00,96.63933428398404,98.37889793785965,94.85062732141265,94.96855926513672,1322000,0.0,0.0
2025-03-04 00:00:00-05:00,97.84818851563008,99.9219103170822,96.89486524693584,98.87030792236328,1824500,0.0,0.0
2025-03-05 00:00:00-05:00,100.23640254771465,101.92683041664398,100.04967446792567,101.38629150390625,1671200,0.0,0.0
2025-03-06 00:00:00-05:00,103.59423889881852,104.59874742943522,101.16748979223519,101.43601989746094,2439200,1.22,0.0
2025-03-07 00:00:00-05:00,102.44053169709863,103.13672645014985,100.212700899381,102.22172546386719,1693800,0.0,0.0
2025-03-10 00:00:00-04:00,102.6891773165885,103.47488718675659,101.50563860750628,101.84379577636719,1958200,0.0,0.0
2025-03-11 00:00:00-04:00,103.70363458566064,105.35462162630995,103.14667875891342,103.85282135009766,1773800,0.0,0.0
2025-03-12 00:00:00-04:00,103.93238478017224,104.42966891787641,102.36096508391815,104.31031799316406,1090700,0.0,0.0
2025-03-13 00:00:00-04:00,103.30580944949476,103.71357849648348,102.52009960173913,102.97760009765625,819400,0.0,0.0
2025-03-14 00:00:00-04:00,103.43510183385999,103.93238597729201,101.47580109466523,102.24162292480469,870100,0.0,0.0
2025-03-17 00:00:00-04:00,100.6503100213466,101.98303550360194,99.95411523894353,101.43601989746094,2458300,0.0,0.0
2025-03-18 00:00:00-04:00,101.44596654335503,101.47580237826574,99.29769537433668,99.92427825927734,1359500,0.0,0.0
2025-03-19 00:00:00-04:00,101.94325223461671,102.41070055649688,100.90890027699879,101.35646057128906,1122200,0.0,0.0
2025-03-20 00:00:00-04:00,99.40709870844451,100.14308471494579,98.89987433796196,99.42699432373047,1036600,0.0,0.0
2025-03-21 00:00:00-04:00,96.14491685135599,97.15938077833772,95.67746853087951,96.52285766601562,1666000,0.0,0.0
2025-03-24 00:00:00-04:00,99.23802027389983,100.55085008026467,99.05899768267038,99.38720703125,1399700,0.0,0.0
2025-03-25 00:00:00-04:00,99.1584585441153,99.75520560693172,98.41253230354887,99.1982421875,697800,0.0,0.0
2025-03-26 00:00:00-04:00,99.75520211665665,100.95862883211001,99.39715692667586,100.24253845214844,772900,0.0,0.0
2025-03-27 00:00:00-04:00,100.3221092693535,101.92336487317462,100.19281053133491,101.19732666015625,561200,0.0,0.0
2025-03-28 00:00:00-04:00,100.45139813652496,100.97851812059449,99.91433034484452,100.17292022705078,743400,0.0,0.0
2025-03-31 00:00:00-04:00,100.64037060129372,102.64939526644568,99.95411603321885,102.36096954345703,990200,0.0,0.0
2025-04-01 00:00:00-04:00,104.90706928873662,105.82207031815886,104.23076253047797,105.7723388671875,1251900,0.0,0.0
2025-04-02 00:00:00-04:00,104.65842418599128,106.09059735954861,104.0318413088532,105.82206726074219,650700,0.0,0.0
2025-04-03 00:00:00-04:00,104.42966678434769,105.41428723225881,103.753360067369,104.3699951171875,1093200,0.0,0.0
2025-04-04 00:00:00-04:00,98.44237186052494,99.66568659775136,96.40350384787583,98.3230209350586,3078200,0.0,0.0
2025-04-07 00:00:00-04:00,89.12326602347362,95.19013113952046,88.73538499327736,91.84838104248047,4200500,0.0,0.0
2025-04-08 00:00:00-04:00,94.22540103295846,95.0807303999222,89.41169397977097,90.87371063232422,2985500,0.0,0.0
2025-04-09 00:00:00-04:00,90.78419209993824,93.36012791117915,88.05907711588445,93.25072479248047,4958300,0.0,0.0
2025-04-10 00:00:00-04:00,94.06627393725054,95.80676850484673,92.51474219147026,93.78779602050781,1913600,0.0,0.0
2025-04-11 00:00:00-04:00,95.00115784364688,99.14851329778637,94.50387370847966,98.81035614013672,2376000,0.0,0.0
2025-04-14 00:00:00-04:00,99.1186823819483,100.26242987922188,97.82574053117716,98.78052520751953,1435500,0.0,0.0
2025-04-15 00:00:00-04:00,97.16931871996368,98.22356626524267,96.1548624047202,97.49752807617188,874000,0.0,0.0
2025-04-16 00:00:00-04:00,96.86100190758575,98.29318262529918,96.35376997206995,96.88089752197266,1061500,0.0,0.0
2025-04-17 00:00:00-04:00,101.19732619211314,102.31124543812714,98.17383759975006,98.19373321533203,1353000,0.0,0.0
2025-04-21 00:00:00-04:00,97.83568699050115,99.13856904318413,97.82573918281426,99.09878540039062,926300,0.0,0.0
2025-04-22 00:00:00-04:00,100.81939207289022,102.54993880348393,100.28232427623273,101.51558685302734,4620900,0.0,0.0
2025-04-23 00:00:00-04:00,102.04270371522054,103.92243715194655,100.95862793537437,103.14667510986328,1912600,0.0,0.0
2025-04-24 00:00:00-04:00,103.40526712990682,105.53364268003011,102.89803517343327,105.33473205566406,2663600,0.0,0.0
2025-04-25 00:00:00-04:00,105.09602563620696,106.21989262012826,104.64847295684508,105.28499603271484,712800,0.0,0.0
2025-04-28 00:00:00-04:00,104.62858003211639,105.41428988395568,104.00200474731209,104.64847564697266,2576800,0.0,0.0
2025-04-29 00:00:00-04:00,104.92695066387066,105.86184724958963,104.64847276717656,105.78227996826172,662500,0.0,0.0
2025-04-30 00:00:00-04:00,105.32478222059537,106.57794037624969,105.26510296407122,106.47847747802734,549300,0.0,0.0
2025-05-01 00:00:00-04:00,106.47848156959753,107.10506446547882,106.04087667000964,106.19005584716797,464800,0.0,0.0
2025-05-02 00:00:00-04:00,108.40794155209282,108.97484516311314,107.77141846561226,108.46761322021484,599000,0.0,0.0
2025-05-05 00:00:00-04:00,108.11951467293511,110.05892733340488,107.80125313313877,109.20359802246094,696800,0.0,0.0
2025-05-06 00:00:00-04:00,108.13941090435358,109.1439193897192,108.10956748249153,108.37810516357422,1372700,0.0,0.0
2025-05-07 00:00:00-04:00,108.0399499564908,108.09962921333786,105.82206693248172,105.9016342163086,773000,0.0,0.0
2025-05-08 00:00:00-04:00,105.92152312493243,106.49837455554804,104.89711899798458,105.91157531738281,660000,0.0,0.0
2025-05-09 00:00:00-04:00,105.42423562968466,106.39891586382852,102.66928488636326,102.87814331054688,906300,0.0,0.0
2025-05-12 00:00:00-04:00,106.49837412027861,107.07522554853658,104.88717076175068,106.23978424072266,1099600,0.0,0.0
2025-05-13 00:00:00-04:00,104.9269542847977,106.61771733761763,104.42967014126785,105.82206726074219,681200,0.0,0.0
2025-05-14 00:00:00-04:00,106.35913870746535,106.58788517210895,104.88717425324847,106.52821350097656,762200,0.0,0.0
2025-05-15 00:00:00-04:00,115.220737623185,122.88885841116638,115.121282309407,122.09320831298828,4246300,0.0,0.0
2025-05-16 00:00:00-04:00,121.94402173812371,121.94402173812371,118.43319679941324,118.93048095703125,2017200,0.0,0.0
2025-05-19 00:00:00-04:00,117.35905564621646,118.58237795478766,115.61856117688697,118.45307922363281,1793900,0.0,0.0
2025-05-20 00:00:00-04:00,119.25868907525748,120.4919516486286,119.08960669659011,120.33281707763672,1089700,0.0,0.0
2025-05-21 00:00:00-04:00,120.04438759058205,120.98923200329196,119.3780286683665,119.87531280517578,845000,0.0,0.0
2025-05-22 00:00:00-04:00,119.03987877643816,119.15922211266005,118.25416893184452,118.3735122680664,680200,0.0,0.0
2025-05-23 00:00:00-04:00,118.73156296025859,119.09955596923828,117.78672609422287,119.09955596923828,1023300,0.0,0.0
2025-05-27 00:00:00-04:00,121.28759735728208,123.74418219553988,120.85993269813655,123.6148910522461,1515100,0.0,0.0
2025-05-28 00:00:00-04:00,124.32103255163146,125.31560081204451,122.89879963572265,123.18722534179688,1116600,0.0,0.0
2025-05-29 00:00:00-04:00,125.32555555289109,126.12120565246855,123.24690382789085,123.59500122070312,1359100,0.0,0.0
2025-05-30 00:00:00-04:00,121.95999908447266,122.19000244140625,119.80000305175781,121.76000213623047,1603800,0.675,0.0
2025-06-02 00:00:00-04:00,122.30999755859375,123.4800033569336,122.2699966430664,123.19999694824219,801100,0.0,0.0
2025-06-03 00:00:00-04:00,125.80999755859375,126.5,125.37999725341797,126.05999755859375,1882700,0.0,0.0
2025-06-04 00:00:00-04:00,126.5,127.66999816894531,126.48999786376953,127.22000122070312,942500,0.0,0.0
2025-06-05 00:00:00-04:00,128.0,129.0800018310547,127.56999969482422,128.6300048828125,944900,0.0,0.0
2025-06-06 00:00:00-04:00,126.4000015258789,127.05000305175781,125.0199966430664,127.0199966430664,609500,0.0,0.0
